home_form_points,away_form_points,home_goals_for_avg,home_goals_against_avg,away_goals_for_avg,away_goals_against_avg,home_xg_for_avg,home_xg_against_avg,away_xg_for_avg,away_xg_against_avg,home_form_variance,away_form_variance,home_at_home_points,away_at_away_points,h2h_home_win_rate,h2h_avg_goals_home,h2h_avg_goals_away,home_matches_played,away_matches_played,label
1.8,3.0,1.6,1.0,2.3333333333333335,1.0,1.146,1.1620000000000001,1.3066666666666666,1.37,1.4696938456699067,0.0,0.75,3.0,0.0,1.0,2.0,5,3,1
1.6,1.0,1.4,0.8,1.0,2.0,1.034,1.1620000000000001,1.7866666666666664,1.9166666666666667,1.2000000000000002,1.4142135623730951,0.8,0.0,0.4,1.2,1.2,5,3,2
0.75,1.0,1.0,2.0,1.25,1.75,1.5699999999999998,1.805,1.2925,1.5275,1.299038105676658,1.224744871391589,1.5,1.3333333333333333,0.4,1.2,1.2,4,4,2
2.5,0.6,2.0,1.0,1.6,2.8,1.365,1.3475000000000001,1.502,1.494,0.8660254037844386,1.2,3.0,0.0,0.4,1.2,1.2,4,5,1
2.0,0.8,1.3333333333333333,1.6666666666666667,1.4,2.2,1.6933333333333334,1.3866666666666667,1.404,1.39,1.4142135623730951,1.1661903789690602,1.5,0.25,0.4,1.2,1.2,3,5,2
0.8,1.0,1.4,2.2,2.0,2.3333333333333335,1.174,1.466,1.9466666666666665,1.4366666666666668,1.1661903789690604,1.4142135623730951,0.0,3.0,0.4,1.2,1.2,5,3,2
2.6,2.2,2.6,1.2,1.6,0.8,1.9440000000000002,1.736,1.3800000000000001,1.322,0.8,0.9797958971132712,1.5,2.3333333333333335,0.4,1.2,1.2,5,5,2
0.6666666666666666,1.6,0.0,0.3333333333333333,1.4,1.6,1.21,1.1233333333333333,1.358,1.3539999999999999,0.4714045207910317,1.2,0.5,1.75,0.4,1.2,1.2,3,5,0
2.0,0.6666666666666666,1.6666666666666667,2.0,1.0,1.6666666666666667,1.42,1.58,0.8733333333333334,1.07,1.4142135623730951,0.4714045207910317,3.0,0.5,0.4,1.2,1.2,3,3,0
2.0,0.5,2.0,1.0,0.0,0.75,1.1566666666666665,1.26,1.28,1.19,1.4142135623730951,0.5,1.5,1.0,0.4,1.2,1.2,3,4,1
0.8,1.5,1.4,2.2,1.25,2.0,1.178,1.464,1.4649999999999999,1.345,1.1661903789690602,1.5,1.5,0.0,0.4,1.2,1.2,5,4,2
0.0,1.6,0.6666666666666666,2.3333333333333335,1.4,1.4,1.5966666666666667,1.4366666666666665,1.446,1.5,0.0,1.2,0.0,2.0,0.4,1.2,1.2,3,5,2
1.3333333333333333,0.8,0.6666666666666666,0.6666666666666666,1.8,2.4,0.8466666666666667,1.0966666666666667,1.782,1.3060000000000003,1.247219128924647,1.1661903789690602,0.5,1.5,0.4,1.2,1.2,3,5,0
0.6,1.25,0.6,1.2,1.25,1.25,1.192,1.134,0.8150000000000001,1.2025000000000001,0.48989794855663565,1.0897247358851685,0.3333333333333333,1.3333333333333333,0.4,1.2,1.2,5,4,1
1.2,0.8,1.2,1.2,1.2,2.0,0.792,1.1460000000000001,1.264,1.3980000000000001,0.9797958971132712,1.1661903789690602,1.0,0.2,0.4,1.2,1.2,5,5,2
1.6,1.6,1.6,1.0,1.2,1.0,1.1480000000000001,1.092,0.994,1.25,1.2000000000000002,1.2000000000000002,1.1666666666666667,1.25,0.0,1.0,1.0,5,5,1
1.75,1.0,2.25,1.5,1.0,2.2,1.095,1.155,1.4620000000000002,1.496,1.299038105676658,1.0954451150103321,1.3333333333333333,1.6666666666666667,0.4,1.2,1.2,4,5,2
2.4,0.75,2.2,0.8,1.75,1.75,1.732,1.656,1.4725000000000001,1.4175,1.2000000000000002,1.299038105676658,2.25,1.5,1.0,3.0,1.0,5,4,2
1.2,0.8,1.2,2.0,0.8,1.2,1.3559999999999999,1.3,1.1219999999999999,1.0939999999999999,1.4696938456699067,0.4,2.0,1.0,0.4,1.2,1.2,5,5,1
1.4,0.8,1.6,1.8,0.8,2.4,1.4600000000000002,1.278,1.466,1.4460000000000002,1.3564659966250538,1.1661903789690604,1.75,1.4285714285714286,0.4,1.2,1.2,5,5,0
0.8,1.0,1.0,1.8,0.5,1.0,1.282,1.454,1.01,1.145,1.1661903789690602,1.224744871391589,2.0,3.0,0.4,1.2,1.2,5,4,2
3.0,2.0,2.6,0.6,2.2,1.2,1.6440000000000001,1.3780000000000001,1.082,1.236,0.0,1.2649110640673518,2.4,3.0,0.4,1.2,1.2,5,5,0
1.2,0.8,1.6,2.2,0.4,1.4,1.038,1.318,1.156,1.528,1.4696938456699067,1.1661903789690602,2.0,0.16666666666666666,0.0,2.0,4.0,5,5,2
1.2,1.8,1.2,2.6,1.8,1.8,1.4440000000000002,1.4440000000000002,1.0,1.268,1.4696938456699067,1.4696938456699067,2.0,0.8,0.4,1.2,1.2,5,5,1
0.8,0.6,1.2,1.6,1.6,2.0,1.0879999999999999,1.1300000000000001,1.3860000000000001,1.516,0.4000000000000001,1.2,0.5,0.0,0.4,1.2,1.2,5,5,2
2.4,1.2,2.4,1.0,1.4,1.6,1.67,1.304,1.1139999999999999,1.072,1.2,0.9797958971132713,2.0,1.0,0.4,1.2,1.2,5,5,0
0.8,0.6,1.6,2.2,1.4,1.6,1.3679999999999999,1.3080000000000003,1.2240000000000002,1.49,1.1661903789690602,1.2,1.4,0.0,0.4,1.2,1.2,5,5,2
1.4,0.8,0.8,1.6,0.4,1.0,1.2840000000000003,1.1199999999999999,1.022,1.034,1.3564659966250538,1.1661903789690602,1.6666666666666667,1.5,1.0,2.0,1.0,5,5,2
0.6,1.8,1.2,1.2,1.4,0.6,1.138,1.468,1.0939999999999999,0.9279999999999999,1.2000000000000002,0.9797958971132713,0.75,1.4,0.4,1.2,1.2,5,5,2
2.0,0.8,2.4,1.4,1.6,2.2,1.1400000000000001,1.402,1.6480000000000001,1.264,1.2649110640673518,1.1661903789690602,1.75,2.0,0.4,1.2,1.2,5,5,2
1.4,2.25,0.6,1.6,1.5,1.25,1.1880000000000002,0.9799999999999999,1.7675,1.36,1.3564659966250538,1.299038105676658,2.0,3.0,0.4,1.2,1.2,5,4,1
1.8,1.6,1.2,0.6,0.6,0.6,0.914,1.158,1.224,1.054,0.9797958971132713,1.2000000000000002,2.0,1.625,0.4,1.2,1.2,5,5,1
1.8,1.0,1.6,1.2,0.5,0.75,1.0859999999999999,1.068,1.06,1.1949999999999998,0.9797958971132713,1.224744871391589,1.0,1.0,0.4,1.2,1.2,5,4,1
1.8,0.8,1.4,1.0,0.2,0.8,1.0539999999999998,1.0859999999999999,1.036,1.482,0.9797958971132713,1.1661903789690602,1.0,0.14285714285714285,0.4,1.2,1.2,5,5,2
1.8,1.0,2.0,1.2,0.8,1.0,1.6780000000000002,1.3039999999999998,1.048,1.0919999999999999,1.469693845669907,1.0954451150103321,1.7142857142857142,1.0,0.4,1.2,1.2,5,5,1
2.0,0.2,1.0,0.8,0.2,1.2,1.032,1.024,1.054,0.932,1.2649110640673518,0.4000000000000001,2.4,1.0,0.4,1.2,1.2,5,5,1
1.2,2.0,1.4,1.0,3.2,1.8,0.9680000000000002,1.298,2.028,1.58,1.4696938456699067,1.2649110640673518,1.2,1.8571428571428572,0.4,1.2,1.2,5,5,2
2.0,0.8,1.3333333333333333,0.6666666666666666,1.0,1.6,1.16,1.07,1.3679999999999999,1.1179999999999999,1.4142135623730951,1.1661903789690602,3.0,0.0,0.4,1.2,1.2,3,5,0
1.5,1.8,1.0,1.0,3.2,2.4,1.2399999999999998,1.03,2.234,1.546,1.5,1.469693845669907,2.0,1.625,0.4,1.2,1.2,4,5,0
0.8,1.2,1.2,2.0,1.0,1.0,1.652,1.464,1.002,1.496,1.1661903789690602,1.469693845669907,0.3333333333333333,0.0,0.4,1.2,1.2,5,5,2
1.2,1.2,0.8,0.8,1.0,1.6,0.93,0.8540000000000001,1.2899999999999998,1.282,0.9797958971132713,1.4696938456699067,1.1428571428571428,0.0,0.4,1.2,1.2,5,5,1
0.4,1.8,0.0,0.8,3.4,2.4,0.954,0.938,2.2920000000000003,1.5580000000000003,0.48989794855663565,1.4696938456699067,0.3333333333333333,1.7777777777777777,0.4,1.2,1.2,5,5,2
1.8,2.2,1.0,0.4,1.6,1.0,0.952,1.008,1.1360000000000001,1.1480000000000001,0.9797958971132713,0.9797958971132712,1.6666666666666667,1.5,0.0,1.0,1.0,5,5,1
0.6,1.2,0.4,1.2,1.0,1.0,0.994,1.4600000000000002,1.014,1.5100000000000002,1.2,1.4696938456699067,2.25,0.0,0.4,1.2,1.2,5,5,2
2.2,0.8,1.4,0.8,0.4,1.0,1.072,1.008,1.006,1.1019999999999999,0.9797958971132712,1.1661903789690602,1.2857142857142858,1.0,0.0,0.0,0.0,5,5,2
1.8,2.2,0.8,0.4,1.6,1.0,1.044,1.09,1.0,0.8799999999999999,0.9797958971132713,0.9797958971132712,1.8,1.4,1.0,2.0,0.0,5,5,0
2.6,1.4,2.8,1.2,1.6,1.2,1.37,1.566,1.6800000000000002,1.2579999999999998,0.8000000000000002,1.3564659966250538,2.0,3.0,1.0,3.0,2.0,5,5,0
2.0,1.4,1.2,1.0,2.0,1.2,1.7080000000000002,1.3960000000000001,1.828,1.516,1.2649110640673518,1.3564659966250538,2.0,3.0,0.4,1.2,1.2,5,5,2
2.0,2.0,2.0,1.8,1.8,1.0,1.5219999999999998,1.64,1.782,1.7719999999999998,1.2649110640673518,1.2649110640673518,1.6666666666666667,2.0,0.4,1.2,1.2,5,5,1
0.8,1.4,1.4,1.8,1.4,1.2,1.9119999999999997,1.7479999999999998,1.23,1.286,1.1661903789690602,1.3564659966250536,1.625,1.0,0.4,1.2,1.2,5,5,1
2.0,1.6,1.4,1.2,0.6,0.6,1.638,1.7900000000000003,1.004,0.892,1.2649110640673518,1.2000000000000002,1.5714285714285714,0.8333333333333334,0.4,1.2,1.2,5,5,2
1.0,1.4,0.8,1.0,0.8,0.6,1.1119999999999999,1.1960000000000002,0.984,0.8780000000000001,1.0954451150103321,0.8000000000000002,1.0,1.2,0.4,1.2,1.2,5,5,2
1.2,1.6,0.6,0.8,0.4,0.2,0.9480000000000001,0.9119999999999999,0.9839999999999998,0.892,0.9797958971132713,1.2,1.5,0.7142857142857143,0.4,1.2,1.2,5,5,2
1.2,1.0,0.6,0.8,1.4,1.6,1.072,1.332,1.9,1.64,1.4696938456699067,1.0954451150103321,2.4,2.0,0.0,1.0,3.0,5,5,0
1.0,2.0,0.2,1.4,1.2,1.2,0.9019999999999999,0.8539999999999999,1.7240000000000002,1.6219999999999999,1.0954451150103321,1.2649110640673518,2.1666666666666665,3.0,0.0,0.0,1.0,5,5,2
1.2,1.2,1.6,0.8,2.6,2.4,0.776,0.86,2.1900000000000004,1.4720000000000002,0.9797958971132712,1.4696938456699067,1.8,1.6,0.4,1.2,1.2,5,5,0
1.2,1.6,0.8,0.8,2.0,1.4,0.9359999999999999,0.738,1.9279999999999997,1.8359999999999999,0.9797958971132712,1.2000000000000002,1.125,2.25,0.4,1.2,1.2,5,5,2
1.6,0.8,1.6,1.2,1.0,1.8,1.2600000000000002,1.466,1.254,1.3240000000000003,1.2000000000000002,1.1661903789690602,1.6666666666666667,0.5,1.0,2.0,0.0,5,5,0
1.6,1.6,0.8,0.6,1.2,0.8,1.1019999999999999,0.778,1.1099999999999999,1.0719999999999998,1.2000000000000002,1.2000000000000002,1.3333333333333333,1.0,0.4,1.2,1.2,5,5,1
1.2,0.8,1.8,2.0,1.0,1.6,2.018,1.3960000000000001,1.232,1.4600000000000002,1.469693845669907,1.1661903789690602,3.0,1.3333333333333333,1.0,4.0,1.0,5,5,2
1.2,1.4,0.6,0.8,1.6,1.6,0.9280000000000002,1.082,1.6019999999999999,1.346,0.9797958971132713,1.3564659966250536,1.5,1.5,1.0,3.0,1.0,5,5,2
0.8,1.4,0.6,1.0,0.8,1.4,0.7500000000000001,0.982,1.598,1.4579999999999997,1.1661903789690602,1.3564659966250538,1.0,2.0,0.4,1.2,1.2,5,5,0
1.4,1.4,0.8,1.6,1.8,1.4,1.0,0.8940000000000001,1.77,1.814,1.3564659966250538,1.3564659966250538,2.2857142857142856,1.8,0.0,0.0,2.0,5,5,2
1.0,1.4,1.6,1.0,1.2,1.4,0.924,0.9960000000000001,1.2600000000000002,1.482,1.0954451150103321,1.3564659966250538,1.5,1.0,1.0,2.0,0.0,5,5,2
1.4,0.8,1.8,1.0,1.2,2.0,0.758,1.086,1.318,1.5939999999999999,1.3564659966250536,1.1661903789690602,1.7142857142857142,1.0,0.4,1.2,1.2,5,5,2
1.2,2.2,0.6,1.2,2.0,1.2,1.3359999999999999,1.284,0.9640000000000001,0.756,1.4696938456699067,0.9797958971132712,2.0,1.6666666666666667,0.0,1.0,2.0,5,5,1
2.2,1.4,1.4,0.0,1.2,1.4,1.732,1.6199999999999999,1.24,1.292,0.9797958971132712,1.3564659966250538,2.25,0.8,0.4,1.2,1.2,5,5,1
2.2,1.4,1.8,1.0,0.8,1.6,1.016,0.8600000000000001,1.06,1.0379999999999998,0.9797958971132712,1.3564659966250536,1.5,0.625,0.4,1.2,1.2,5,5,1
0.8,1.2,0.6,1.0,0.4,0.4,0.734,1.096,1.03,0.842,1.1661903789690604,0.9797958971132712,0.8,1.1666666666666667,1.0,1.0,0.0,5,5,2
0.8,1.4,1.4,2.0,1.0,0.8,1.272,1.5719999999999998,0.716,0.9839999999999998,1.1661903789690604,1.3564659966250538,1.5,0.8,0.4,1.2,1.2,5,5,1
1.0,1.8,1.0,1.4,1.2,0.0,1.22,1.376,1.78,1.6300000000000001,1.0954451150103321,0.9797958971132713,1.4285714285714286,1.6666666666666667,0.0,0.0,0.0,5,5,0
0.8,0.4,0.6,1.4,0.8,2.0,1.5219999999999998,1.2580000000000002,1.358,1.3760000000000001,1.1661903789690602,0.48989794855663565,1.8571428571428572,0.8333333333333334,0.4,1.2,1.2,5,5,2
1.8,1.2,1.8,1.4,1.0,0.8,1.9740000000000002,1.3359999999999999,1.188,1.142,1.4696938456699067,0.9797958971132712,3.0,1.0,0.4,1.2,1.2,5,5,0
0.2,1.4,0.6,2.2,1.0,0.8,1.4520000000000002,1.3399999999999999,0.8380000000000001,1.026,0.4000000000000001,1.3564659966250538,1.25,0.8333333333333334,0.4,1.2,1.2,5,5,0
1.8,1.4,1.4,0.2,1.0,0.6,1.6780000000000002,1.6940000000000002,0.6699999999999999,0.9199999999999999,0.9797958971132713,1.3564659966250538,2.0,1.1428571428571428,0.4,1.2,1.2,5,5,1
1.8,0.8,1.4,0.6,1.0,1.6,1.194,1.2440000000000002,1.6799999999999997,1.7020000000000004,0.9797958971132713,1.1661903789690604,2.0,1.5,0.0,1.0,1.0,5,5,0
1.4,1.6,1.6,1.6,0.8,0.2,1.6300000000000001,1.478,0.796,0.9879999999999999,1.3564659966250538,1.2000000000000002,1.0,1.125,1.0,2.0,0.0,5,5,2
1.6,1.6,1.2,0.8,1.2,1.0,1.3359999999999999,1.3900000000000001,1.1440000000000001,1.2879999999999998,1.2,1.2,1.3333333333333333,1.5555555555555556,0.4,1.2,1.2,5,5,0
1.6,1.4,1.0,0.4,1.2,1.0,0.7899999999999999,1.088,1.268,1.2760000000000002,1.2,1.3564659966250538,1.1666666666666667,1.2857142857142858,0.4,1.2,1.2,5,5,2
1.4,1.2,1.0,1.8,1.0,1.0,1.058,1.204,1.112,1.634,1.3564659966250538,1.4696938456699067,2.375,0.0,1.0,3.0,1.0,5,5,2
0.2,1.4,0.6,2.0,1.6,1.0,1.3940000000000001,1.184,1.496,1.6039999999999999,0.4000000000000001,1.3564659966250538,1.1111111111111112,1.7142857142857142,0.0,2.0,2.0,5,5,1
0.8,1.2,0.8,1.2,1.2,1.8,1.246,1.3900000000000001,1.098,1.52,1.1661903789690604,1.4696938456699067,1.0,0.0,0.4,1.2,1.2,5,5,1
1.4,1.8,1.4,0.8,1.6,1.4,1.4360000000000002,1.764,1.6799999999999997,1.466,1.3564659966250538,1.4696938456699067,1.5555555555555556,1.2,0.4,1.2,1.2,5,5,1
1.8,1.4,1.8,1.2,1.2,1.4,1.9400000000000002,1.324,1.674,1.334,1.4696938456699067,1.3564659966250538,2.0,0.125,0.0,0.0,1.0,5,5,0
1.4,1.8,1.4,1.6,1.6,1.0,1.904,1.532,0.968,0.852,1.3564659966250538,0.9797958971132713,1.4,1.5714285714285714,0.4,1.2,1.2,5,5,2
0.8,1.2,0.8,1.2,1.2,1.8,1.224,1.434,1.964,1.258,1.1661903789690602,1.4696938456699067,1.0,1.9,1.0,2.0,0.0,5,5,0
2.0,2.0,2.0,1.4,1.8,1.2,1.964,1.432,1.704,1.55,1.2649110640673518,1.2649110640673518,1.6666666666666667,0.4444444444444444,1.0,3.0,1.0,5,5,2
1.0,1.8,0.4,0.8,1.4,0.2,0.93,0.89,1.59,1.5559999999999998,1.0954451150103321,0.9797958971132713,1.3,2.0,0.0,0.0,1.0,5,5,2
2.0,1.6,2.0,1.8,1.4,1.2,1.1219999999999999,1.1440000000000001,1.1940000000000002,1.3479999999999999,1.2649110640673518,1.2,2.4444444444444446,1.7,0.0,0.0,0.0,5,5,1
1.0,1.2,1.2,1.2,0.8,0.8,1.2120000000000002,1.2879999999999998,1.3380000000000003,1.3419999999999999,1.0954451150103321,0.9797958971132713,1.4,1.6,0.4,1.2,1.2,5,5,1
1.6,1.0,0.8,0.4,1.0,1.0,0.868,1.214,1.5,1.78,1.2,1.0954451150103321,1.4285714285714286,1.625,0.4,1.2,1.2,5,5,0
1.4,1.6,1.6,1.6,1.6,1.4,1.746,1.7760000000000002,1.056,1.27,1.3564659966250536,1.2000000000000002,2.0,1.5,0.0,0.0,0.0,5,5,2
1.8,1.4,2.0,1.0,1.0,0.8,0.758,1.1460000000000001,0.932,1.1660000000000001,1.4696938456699067,1.3564659966250538,1.875,1.0,0.4,1.2,1.2,5,5,2
0.8,0.4,0.6,1.0,0.6,1.8,0.946,1.082,1.546,1.452,1.1661903789690604,0.48989794855663565,1.25,0.7142857142857143,1.0,2.0,0.0,5,5,2
2.4,1.2,2.2,0.6,0.8,0.8,0.8119999999999999,1.056,1.31,1.298,1.2000000000000002,0.9797958971132712,2.0,1.5,0.4,1.2,1.2,5,5,1
0.8,1.2,1.0,1.8,0.8,1.0,1.242,1.634,0.884,1.0379999999999998,1.1661903789690602,1.4696938456699067,1.5,0.9,0.4,1.2,1.2,5,5,0
2.0,1.6,1.8,1.2,1.4,1.0,2.064,1.588,1.502,1.754,1.2649110640673518,1.2000000000000002,1.8571428571428572,1.7777777777777777,0.0,1.0,1.0,5,5,2
1.4,1.6,1.8,1.8,1.8,1.4,1.1019999999999999,1.332,1.52,1.918,1.3564659966250538,1.2,1.7142857142857142,1.6,0.4,1.2,1.2,5,5,0
1.6,1.4,1.8,1.4,1.8,1.8,1.472,1.9420000000000002,1.318,1.332,1.2,1.3564659966250538,1.5,1.2,1.0,3.0,1.0,5,5,0
1.6,2.2,1.0,0.8,2.2,0.8,1.0699999999999998,0.9559999999999998,1.1880000000000002,1.136,1.2,0.9797958971132712,1.6,0.6666666666666666,0.4,1.2,1.2,5,5,2
1.2,1.6,1.0,1.0,1.8,1.0,1.2639999999999998,1.1880000000000002,1.036,1.1300000000000001,0.9797958971132713,1.2,1.8333333333333333,0.6,0.4,1.2,1.2,5,5,1
2.0,1.0,2.2,1.4,1.0,1.0,1.584,1.6520000000000004,1.2739999999999998,1.316,1.2649110640673518,1.0954451150103321,2.111111111111111,0.8,0.4,1.2,1.2,5,5,2
2.4,2.0,2.2,1.2,1.2,0.8,1.686,1.6459999999999997,0.826,1.19,1.2000000000000002,1.2649110640673518,2.2,1.0,0.0,0.0,1.0,5,5,1
2.6,0.4,2.2,1.0,0.4,1.2,2.186,1.5539999999999998,1.186,1.422,0.8000000000000002,0.48989794855663565,2.0,0.6666666666666666,0.4,1.2,1.2,5,5,1
1.8,2.2,1.6,1.8,2.0,1.0,1.9300000000000002,1.246,2.2359999999999998,1.596,1.4696938456699067,0.9797958971132712,1.5,1.1666666666666667,0.4,1.2,1.2,5,5,2
0.2,1.6,0.8,1.8,1.6,1.4,1.252,1.312,1.06,1.0859999999999999,0.4,1.2,0.8333333333333334,1.375,0.0,2.0,2.0,5,5,2
1.4,2.2,1.6,1.8,1.2,0.6,1.29,1.3239999999999998,0.75,1.08,1.3564659966250538,0.9797958971132712,1.5,1.0,0.0,1.0,1.0,5,5,2
1.2,1.6,1.6,1.0,1.2,1.0,0.9099999999999999,1.154,0.8799999999999999,1.136,0.9797958971132712,1.2,2.3,0.875,0.0,0.0,6.0,5,5,2
0.2,2.0,0.6,2.0,1.8,1.4,1.406,1.23,2.15,1.818,0.4,1.2649110640673518,1.1,1.0,0.4,1.2,1.2,5,5,0
0.6,0.2,0.4,0.8,0.6,2.2,1.158,1.4120000000000001,1.1720000000000002,1.3599999999999999,0.48989794855663565,0.4,1.3333333333333333,0.14285714285714285,0.4,1.2,1.2,5,5,2
0.8,2.0,0.4,0.8,1.8,1.2,1.3119999999999998,1.06,2.1860000000000004,1.9140000000000001,0.4000000000000001,1.2649110640673518,1.7142857142857142,1.25,0.4,1.2,1.2,5,5,2
1.4,0.2,1.8,2.0,0.4,2.0,1.3359999999999999,1.312,1.464,1.364,1.3564659966250536,0.4000000000000001,1.6666666666666667,0.625,1.0,2.0,1.0,5,5,0
1.0,1.4,0.8,1.0,1.8,1.6,0.876,0.962,1.48,1.9120000000000001,1.0954451150103321,1.3564659966250538,1.9,1.6,0.0,0.0,2.0,5,5,0
0.4,0.8,1.0,1.6,1.2,1.4,0.932,1.1099999999999999,1.028,1.166,0.48989794855663565,1.1661903789690602,1.8,1.125,0.0,0.0,2.0,5,5,2
1.8,2.0,1.0,0.8,1.6,1.0,0.8880000000000001,0.89,1.514,1.5020000000000002,1.4696938456699067,1.2649110640673518,1.4444444444444444,0.4,0.0,0.0,1.0,5,5,2
0.8,2.0,1.0,1.2,1.2,0.8,0.952,1.1179999999999999,0.998,0.8640000000000001,1.1661903789690602,1.2649110640673518,1.1428571428571428,1.0,0.0,0.0,0.0,5,5,1
1.0,1.2,1.4,1.8,0.8,0.6,1.058,1.16,1.224,1.482,1.0954451150103321,0.9797958971132713,1.4444444444444444,0.7142857142857143,0.4,1.2,1.2,5,5,0
1.8,1.8,2.0,1.8,1.0,0.8,2.212,1.402,0.9359999999999999,0.7939999999999999,1.4696938456699067,1.4696938456699067,1.8,0.9,0.0,1.0,2.0,5,5,1
1.6,1.4,1.4,0.8,1.6,1.6,1.172,1.5319999999999998,2.0840000000000005,1.902,1.2000000000000002,1.3564659966250538,1.5714285714285714,1.1111111111111112,0.0,1.0,1.0,5,5,2
1.2,1.4,1.8,2.2,1.6,1.8,1.476,1.3880000000000001,2.118,1.326,1.4696938456699067,1.3564659966250538,1.5,1.9,0.0,2.0,5.0,5,5,1
0.8,1.4,1.0,1.4,0.6,1.4,0.924,0.968,1.448,1.3219999999999998,1.1661903789690602,1.3564659966250536,1.8,2.25,0.4,1.2,1.2,5,5,1
2.0,0.8,1.8,1.0,1.2,1.6,1.22,1.47,0.998,0.8959999999999999,1.2649110640673518,1.1661903789690602,1.75,0.7777777777777778,0.0,1.0,2.0,5,5,2
1.6,0.8,1.2,1.0,1.2,1.6,0.834,0.9,1.83,1.866,1.2000000000000002,1.1661903789690604,1.9,1.0,1.0,3.0,2.0,5,5,0
2.6,1.6,2.0,0.8,0.8,0.8,1.174,1.2419999999999998,1.142,1.15,0.8000000000000002,1.2000000000000002,1.8888888888888888,2.0,0.4,1.2,1.2,5,5,2
0.2,1.4,0.6,2.2,0.8,1.2,1.182,1.28,1.212,1.1460000000000001,0.4000000000000001,1.3564659966250538,1.2857142857142858,1.6666666666666667,0.4,1.2,1.2,5,5,1
1.4,1.2,0.8,1.0,0.8,1.0,1.3820000000000001,1.286,1.47,1.284,1.3564659966250538,0.9797958971132713,2.0,1.4285714285714286,0.0,0.0,2.0,5,5,2
1.6,1.8,1.8,1.6,2.2,1.8,2.024,1.476,1.39,1.6439999999999997,1.2000000000000002,1.4696938456699067,1.6666666666666667,1.6,1.0,2.0,1.0,5,5,2
0.4,1.0,1.0,2.2,0.8,1.4,1.048,1.196,1.1119999999999999,1.2719999999999998,0.48989794855663565,1.0954451150103321,1.3,1.5714285714285714,0.0,3.0,3.0,5,5,1
0.8,1.4,0.6,1.6,1.4,1.8,1.448,1.306,0.868,1.0,1.1661903789690602,1.3564659966250538,0.8,1.0,0.0,0.0,3.0,5,5,2
1.4,2.0,1.8,1.6,1.2,0.6,1.3980000000000001,1.46,1.3339999999999999,1.088,1.3564659966250536,1.2649110640673518,0.8,0.4,0.0,1.0,3.0,5,5,2
1.0,3.0,1.2,1.2,2.2,0.6,0.9800000000000001,1.0000000000000002,1.254,1.228,1.0954451150103321,0.0,1.125,1.0,0.0,0.0,1.0,5,5,0
1.2,0.4,0.6,0.8,0.8,2.2,1.184,1.2079999999999997,1.182,1.1380000000000001,0.9797958971132713,0.48989794855663565,1.75,0.125,0.0,1.0,1.0,5,5,1
1.4,0.4,1.8,2.6,0.8,2.0,1.066,1.052,1.048,1.16,1.3564659966250538,0.48989794855663565,1.9,1.2222222222222223,1.0,1.0,0.0,5,5,0
1.4,0.8,0.8,0.6,1.2,1.4,1.4,1.244,0.998,0.9960000000000001,1.3564659966250538,1.1661903789690602,2.3,1.0,0.4,1.2,1.2,5,5,1
0.8,0.8,0.4,0.8,0.8,1.2,1.206,1.3359999999999999,0.97,0.754,0.4000000000000001,1.1661903789690602,1.6666666666666667,0.7,0.0,1.0,1.0,5,5,0
1.0,1.2,0.8,0.8,1.8,1.6,0.9480000000000001,0.9540000000000001,1.7959999999999998,1.888,1.0954451150103321,1.4696938456699067,1.0,1.0,0.4,1.2,1.2,5,5,1
2.2,0.8,2.4,0.8,1.2,1.8,2.206,1.6079999999999999,1.108,1.076,0.9797958971132712,1.1661903789690602,1.8571428571428572,1.4,0.0,0.0,0.0,5,5,2
2.2,1.4,2.2,0.6,1.6,1.4,2.382,1.596,1.012,0.9460000000000001,0.9797958971132712,1.3564659966250538,2.0,1.0,1.0,1.0,0.0,5,5,0
3.0,1.0,1.8,0.4,0.6,0.6,1.2,1.242,1.2660000000000002,1.282,0.0,1.0954451150103321,2.0,0.4,0.0,0.0,1.0,5,5,2
0.6,1.6,0.6,1.4,1.6,0.8,1.35,1.296,2.1499999999999995,1.3519999999999999,0.48989794855663565,1.2,1.5,1.7,0.4,1.2,1.2,5,5,0
2.0,1.6,1.0,0.6,1.6,0.8,0.884,0.9019999999999999,0.792,1.092,1.2649110640673518,1.2000000000000002,1.6,0.4,0.0,0.0,0.0,5,5,0
0.6,2.0,0.6,1.2,1.4,0.8,1.276,1.184,0.95,1.0260000000000002,0.48989794855663565,1.2649110640673518,1.25,1.2,0.4,1.2,1.2,5,5,2
1.2,3.0,0.6,0.8,1.6,0.4,1.58,1.3599999999999999,1.296,1.258,0.9797958971132713,0.0,1.875,1.2222222222222223,0.0,0.0,0.0,5,5,1
1.4,1.4,1.4,1.2,2.2,1.4,0.958,1.2,1.8399999999999999,1.556,1.3564659966250536,1.3564659966250538,1.8,1.1,0.0,2.0,2.0,5,5,2
0.6,0.8,0.8,1.8,1.2,3.0,1.24,1.464,0.924,1.142,0.48989794855663565,1.1661903789690604,1.5,0.8888888888888888,1.0,2.0,1.0,5,5,1
0.8,1.6,1.6,1.8,1.0,0.8,1.7100000000000002,1.48,0.73,1.052,1.1661903789690602,1.2000000000000002,1.8888888888888888,0.6,0.0,1.0,3.0,5,5,2
2.0,1.4,2.2,0.8,1.0,1.0,2.334,1.424,0.758,1.2879999999999998,1.2649110640673518,1.3564659966250536,1.7777777777777777,0.6,1.0,3.0,1.0,5,5,0
2.6,0.4,1.4,0.4,0.8,2.8,1.16,1.354,0.9119999999999999,1.212,0.8,0.48989794855663565,2.0,0.9,0.0,1.0,1.0,5,5,2
0.6,1.8,0.6,1.6,2.0,1.6,1.218,1.3719999999999999,1.358,1.486,0.48989794855663565,1.4696938456699067,1.3,0.8888888888888888,0.4,1.2,1.2,5,5,2
2.6,1.2,1.6,0.6,1.8,2.4,1.192,1.3699999999999999,1.564,2.07,0.8,1.4696938456699067,2.0,1.6,0.4,1.2,1.2,5,5,1
2.0,1.2,1.2,0.8,0.8,1.0,0.9480000000000001,0.8899999999999999,1.614,1.2719999999999998,1.2649110640673518,0.9797958971132712,1.6,1.25,0.0,0.0,0.0,5,5,0
1.4,0.6,1.6,1.8,0.6,1.0,1.69,1.426,1.086,1.258,1.3564659966250538,0.48989794855663565,1.3,1.0,1.0,2.0,1.0,5,5,2
1.4,0.6,1.8,1.6,0.6,1.0,1.722,1.3599999999999999,1.13,1.338,1.3564659966250538,0.48989794855663565,2.0,1.0,0.0,2.0,2.0,5,5,2
1.6,1.0,1.4,1.2,0.8,1.6,1.464,1.1759999999999997,1.3279999999999998,1.466,1.2000000000000002,1.0954451150103321,1.7777777777777777,1.5,0.0,0.0,0.0,5,5,2
2.0,2.0,1.2,0.8,2.4,1.2,0.8939999999999999,1.5100000000000002,1.432,1.2719999999999998,1.2649110640673518,1.2649110640673518,2.6,1.4444444444444444,0.0,0.0,0.0,5,5,1
0.8,1.6,1.2,1.6,2.2,1.2,1.084,1.1720000000000002,1.3039999999999998,1.188,1.1661903789690602,1.2000000000000002,1.4,1.4,0.4,1.2,1.2,5,5,2
0.8,0.2,0.8,1.0,0.8,3.0,1.31,1.4,1.0059999999999998,1.156,1.1661903789690602,0.4,2.1,0.9,0.0,1.0,2.0,5,5,2
2.0,1.6,2.0,1.4,2.2,1.4,1.7740000000000002,1.342,1.234,1.048,1.2649110640673518,1.2,2.3,1.1,0.0,1.0,2.0,5,5,0
2.0,1.8,2.4,1.4,1.6,1.0,1.194,1.29,1.0219999999999998,1.376,1.2649110640673518,1.4696938456699067,1.9,0.9,0.0,1.0,1.0,5,5,2
1.8,0.8,2.2,1.0,0.8,2.6,2.4040000000000004,1.268,1.362,1.452,1.469693845669907,1.1661903789690602,1.6,1.3333333333333333,1.0,4.0,1.0,5,5,2
0.4,2.0,0.6,1.2,2.0,1.2,1.19,1.518,1.2559999999999998,1.374,0.48989794855663565,1.2649110640673518,1.0,1.3,0.4,1.2,1.2,5,5,0
1.4,1.4,1.6,2.0,1.4,1.6,1.61,1.916,0.9359999999999999,0.8620000000000001,1.3564659966250538,1.3564659966250538,1.5,1.0,1.0,2.0,1.0,5,5,0
0.4,1.4,0.6,1.4,1.0,0.8,1.1960000000000002,1.5380000000000003,1.5220000000000002,1.376,0.48989794855663565,1.3564659966250538,0.9,0.4,0.0,0.0,0.0,5,5,0
1.0,1.4,1.0,1.4,1.4,1.6,1.326,1.15,1.8340000000000003,1.3699999999999999,1.0954451150103321,1.3564659966250536,1.4444444444444444,0.8,0.0,1.0,3.0,5,5,0
2.0,1.4,1.4,1.2,1.6,1.0,1.226,1.336,1.136,1.282,1.2649110640673518,1.3564659966250536,1.9,1.3,0.0,0.0,3.0,5,5,2
0.2,1.0,0.6,2.4,0.8,1.2,0.992,1.1199999999999999,1.5379999999999998,1.25,0.4000000000000001,1.0954451150103321,1.6,0.2222222222222222,0.0,0.0,1.0,5,5,1
1.2,2.2,0.8,0.8,1.4,0.8,1.4740000000000002,1.158,1.206,1.386,0.9797958971132712,0.9797958971132712,1.3,1.2,0.0,1.0,3.0,5,5,0
1.8,0.8,1.2,1.2,0.4,2.0,1.69,1.5100000000000002,1.4240000000000002,1.7399999999999998,1.4696938456699067,1.1661903789690604,2.3,1.2,0.0,0.0,2.0,5,5,0
2.0,1.4,1.6,1.2,1.0,1.8,1.588,1.378,1.51,1.738,1.2649110640673518,1.3564659966250538,1.5,1.2,0.0,0.0,2.0,5,5,2
2.2,1.4,1.8,1.2,1.4,0.8,1.196,1.3699999999999999,1.1260000000000001,1.418,0.9797958971132712,1.3564659966250538,2.1,1.2,1.0,3.0,1.0,5,5,1
1.4,1.8,1.6,1.0,2.0,1.6,1.15,1.3199999999999998,1.478,1.7560000000000002,1.3564659966250538,1.4696938456699067,1.6,0.8,0.0,2.0,2.0,5,5,0
1.8,1.8,1.8,1.6,1.6,1.0,1.8699999999999999,1.5519999999999998,2.226,1.234,1.469693845669907,1.4696938456699067,2.2,1.9,0.0,0.0,3.0,5,5,0
0.8,0.4,1.2,2.6,0.4,1.4,1.69,1.702,0.9480000000000001,1.0939999999999999,1.1661903789690602,0.48989794855663565,1.2,0.6,0.0,0.0,1.0,5,5,0
0.2,1.4,0.6,1.8,1.8,1.6,1.262,1.522,0.892,0.992,0.4000000000000001,1.3564659966250538,0.6,1.3,0.0,0.0,1.0,5,5,2
1.2,0.8,1.0,2.2,1.6,1.8,1.504,1.8780000000000001,0.718,1.006,1.4696938456699067,1.1661903789690602,1.5,1.2,1.0,1.0,0.0,5,5,1
2.4,2.0,1.6,1.0,1.6,1.0,1.3119999999999998,1.24,1.562,1.19,1.2000000000000002,1.2649110640673518,2.2,1.4,0.0,0.0,0.0,5,5,1
0.8,1.8,1.4,2.8,1.6,1.2,1.556,1.5979999999999999,1.0839999999999999,1.3419999999999999,1.1661903789690602,0.9797958971132713,0.9,1.5,0.0,1.0,1.0,5,5,2
1.6,1.6,1.4,1.2,1.4,1.0,1.174,1.374,1.526,1.358,1.2,1.2000000000000002,2.2,1.5,0.4,1.2,1.2,5,5,2
1.0,1.4,1.0,1.2,1.0,0.8,1.432,1.218,1.4500000000000002,1.3639999999999999,1.0954451150103321,1.3564659966250536,1.3,0.6,0.0,0.0,1.0,5,5,2
1.4,2.4,1.6,1.2,3.0,1.6,1.422,1.288,1.394,1.582,1.3564659966250538,1.2,1.6,1.1,0.0,0.0,1.0,5,5,2
1.8,2.6,1.8,1.2,2.0,0.8,2.286,1.4659999999999997,1.458,1.294,1.4696938456699067,0.8,1.6,1.5,1.0,5.0,2.0,5,5,0
0.8,2.6,1.0,2.4,1.8,0.6,1.636,1.64,1.4300000000000002,1.408,1.1661903789690602,0.8,0.9,1.5,0.0,0.0,4.0,5,5,2
2.0,0.8,1.4,1.0,1.6,2.0,1.012,1.402,1.128,1.504,1.2649110640673518,1.1661903789690602,2.4,1.2,0.0,1.0,1.0,5,5,0
1.4,0.6,1.2,1.2,0.4,1.4,1.198,1.3679999999999999,1.12,1.174,1.3564659966250538,1.2,2.1,0.7,0.0,1.0,1.0,5,5,0
1.8,0.8,2.6,1.8,1.0,1.4,1.3559999999999999,1.524,1.242,1.434,1.469693845669907,1.1661903789690602,1.1,0.9,0.0,1.0,2.0,5,5,0
1.8,1.4,1.8,1.2,1.6,1.0,2.452,1.5699999999999998,1.358,1.35,1.4696938456699067,1.3564659966250536,1.3,0.3,0.0,0.0,3.0,5,5,2
1.2,0.8,1.4,1.8,0.8,2.2,1.434,1.448,1.376,1.7420000000000002,1.4696938456699067,1.1661903789690602,1.0,0.9,0.0,0.0,1.0,5,5,1
1.0,1.6,0.8,1.2,1.4,1.2,1.346,1.6900000000000002,1.208,1.404,1.0954451150103321,1.2,1.3,1.4,0.0,0.0,2.0,5,5,0
1.4,1.4,1.6,1.6,1.8,2.0,0.992,1.2760000000000002,1.6400000000000001,1.286,1.3564659966250538,1.3564659966250536,1.6,1.4,1.0,1.0,0.0,5,5,2
1.6,2.0,1.4,1.0,1.8,1.0,1.44,1.268,1.2579999999999998,1.248,1.2,1.2649110640673518,1.7,1.4,0.0,1.0,2.0,5,5,1
1.4,1.2,1.6,1.8,1.8,2.0,1.2120000000000002,1.3800000000000001,1.954,1.8579999999999999,1.3564659966250536,1.4696938456699067,1.8,1.1,0.0,1.0,3.0,5,5,0
1.4,1.0,0.8,1.0,0.8,1.6,1.4040000000000001,1.3459999999999999,1.244,1.582,1.3564659966250536,1.0954451150103321,2.1,1.0,0.0,1.0,4.0,5,5,1
1.2,0.8,2.0,1.8,1.0,1.6,1.9300000000000002,1.934,1.3599999999999999,1.3359999999999999,1.4696938456699067,1.1661903789690602,1.9,1.1,1.0,3.0,0.0,5,5,1
0.8,1.4,1.4,1.6,2.2,1.6,0.678,0.9579999999999999,1.286,1.48,1.1661903789690602,1.3564659966250536,1.5,0.3,1.0,2.0,1.0,5,5,0
2.0,1.2,1.8,1.2,0.8,1.4,1.544,1.596,1.192,1.1,1.2649110640673518,1.469693845669907,2.0,1.0,1.0,2.0,0.0,5,5,0
1.8,1.8,2.6,1.4,1.0,1.2,1.3,1.4600000000000002,1.02,1.1079999999999999,1.4696938456699067,1.4696938456699067,1.9,1.2,0.0,0.0,0.0,5,5,2
1.8,2.4,1.8,1.2,2.8,0.8,1.024,1.436,1.364,1.4979999999999998,1.469693845669907,1.2000000000000002,2.0,0.6,0.0,1.0,2.0,5,5,1
1.6,2.0,1.6,1.2,2.4,1.0,1.348,1.0219999999999998,1.27,1.4,1.2,1.2649110640673518,1.5,0.7,0.0,0.0,5.0,5,5,1
1.8,0.6,1.0,1.4,0.2,1.2,1.06,1.1179999999999999,1.158,1.43,1.4696938456699067,0.48989794855663565,0.9,0.8,1.0,1.0,0.0,5,5,0
1.8,1.0,1.8,1.6,1.0,1.2,2.396,1.636,1.0779999999999998,1.034,1.4696938456699067,1.0954451150103321,1.6,0.6,1.0,3.0,2.0,5,5,2
1.4,0.8,1.2,1.0,1.0,1.6,1.19,1.298,1.08,1.282,1.3564659966250538,1.1661903789690602,1.8,0.6,0.0,1.0,2.0,5,5,1
0.8,1.4,1.2,1.8,1.2,1.0,0.69,0.9920000000000002,1.052,1.3900000000000001,1.1661903789690602,1.3564659966250538,1.5,0.8,0.0,0.0,1.0,5,5,2
1.6,1.4,2.0,1.0,1.6,2.0,1.22,1.408,1.358,1.314,1.2000000000000002,1.3564659966250536,1.9,1.2,0.0,0.0,1.0,5,5,1
1.4,1.8,1.6,1.6,1.4,0.2,1.55,1.4580000000000002,1.188,1.182,1.3564659966250538,0.9797958971132713,1.7,0.8,1.0,1.0,0.0,5,5,2
1.4,1.6,1.2,1.0,1.6,1.0,0.696,1.06,1.1019999999999999,1.3199999999999998,1.3564659966250538,1.2000000000000002,1.5,1.5,0.0,0.0,0.0,5,5,0
1.8,1.0,1.0,1.4,1.6,2.0,0.9640000000000001,1.0139999999999998,1.3539999999999999,1.4140000000000001,1.469693845669907,1.0954451150103321,0.9,0.9,0.0,0.0,1.0,5,5,2
2.4,0.4,2.0,1.2,0.8,2.2,2.4019999999999997,1.58,1.294,1.3279999999999998,1.2000000000000002,0.48989794855663565,1.9,0.8,0.0,3.0,4.0,5,5,2
2.0,1.2,1.6,0.8,0.6,0.8,1.1380000000000001,1.208,1.146,1.302,1.2649110640673518,0.9797958971132713,2.4,1.0,1.0,2.5,0.0,5,5,2
0.8,2.4,1.0,1.4,2.2,1.2,1.1019999999999999,1.1360000000000001,2.3019999999999996,1.5200000000000002,1.1661903789690602,1.2000000000000002,1.8,1.9,0.5,0.5,0.5,5,5,0
0.4,0.8,0.8,2.2,0.8,1.2,1.31,1.4619999999999997,1.1640000000000001,1.1179999999999999,0.48989794855663565,1.1661903789690602,1.1,0.7,0.0,0.5,2.0,5,5,1
1.0,2.4,1.0,1.0,1.8,0.8,1.118,1.0399999999999998,2.05,1.284,1.0954451150103321,1.2000000000000002,1.6,1.9,0.5,1.5,2.0,5,5,0
1.4,1.4,2.4,2.0,1.0,1.2,1.9780000000000002,1.9259999999999997,1.46,1.384,1.3564659966250538,1.3564659966250538,1.7,0.6,1.0,2.5,0.5,5,5,2
1.4,3.0,1.4,1.8,2.0,0.6,1.346,1.4360000000000002,1.85,1.1960000000000002,1.3564659966250538,0.0,1.5,2.2,0.0,0.5,1.0,5,5,0
2.6,1.4,2.0,0.6,1.8,1.8,1.072,1.0539999999999998,1.536,1.4560000000000002,0.8,1.3564659966250538,2.6,1.5,0.0,0.5,0.5,5,5,0
0.8,1.2,0.4,1.0,1.4,1.2,0.6439999999999999,0.952,1.346,1.0379999999999998,1.1661903789690602,0.9797958971132713,1.5,1.2,0.0,0.5,1.5,5,5,2
1.2,1.8,1.8,2.4,1.6,1.6,1.588,1.366,1.02,1.156,1.4696938456699067,1.4696938456699067,0.9,1.1,0.5,2.0,1.0,5,5,0
1.8,1.4,1.8,1.6,1.6,1.8,1.478,1.5260000000000002,1.326,1.506,1.4696938456699067,1.3564659966250538,1.9,1.2,0.5,1.0,1.5,5,5,2
0.8,1.4,0.8,1.0,0.8,1.2,0.976,1.126,1.55,1.5719999999999998,1.1661903789690602,1.3564659966250538,1.5,0.6,0.5,1.5,2.0,5,5,1
1.4,1.2,2.6,2.0,1.0,0.8,2.152,1.8599999999999999,1.22,1.286,1.3564659966250538,0.9797958971132713,1.7,0.8,1.0,2.0,0.5,5,5,2
1.2,1.0,1.6,1.8,0.6,1.2,1.598,1.498,1.0979999999999999,1.346,1.4696938456699067,1.0954451150103321,0.9,1.0,0.5,3.0,1.5,5,5,1
1.0,0.6,1.0,1.4,0.8,1.8,1.0400000000000003,1.278,1.3059999999999998,1.45,1.0954451150103321,0.48989794855663565,1.6,0.8,0.5,2.5,3.0,5,5,0
1.0,1.8,1.0,1.4,2.2,1.8,0.99,1.224,1.558,1.216,1.0954451150103321,1.4696938456699067,1.3,1.7,0.5,1.5,1.0,5,5,2
0.6,1.4,1.2,1.6,1.6,1.6,1.266,1.024,1.77,1.6260000000000001,0.48989794855663565,1.3564659966250538,1.5,1.4,0.5,1.5,2.0,5,5,0
1.4,1.8,2.0,1.8,2.0,1.4,1.668,1.7879999999999998,1.448,1.112,1.3564659966250538,1.4696938456699067,1.0,1.6,0.5,2.0,3.0,5,5,0
2.4,1.0,2.4,1.0,1.0,1.8,1.58,1.394,1.304,1.384,1.2,1.0954451150103321,2.1,1.0,0.5,1.5,0.5,5,5,2
1.8,1.0,1.4,1.4,1.0,1.0,1.046,1.29,0.9279999999999999,1.2440000000000002,1.4696938456699067,1.0954451150103321,1.1,1.2,0.5,1.5,1.0,5,5,2
0.6,1.4,0.6,1.8,0.8,1.0,1.264,1.45,0.702,1.076,0.48989794855663565,1.3564659966250536,1.7,1.3,0.5,2.0,1.0,5,5,2
1.0,1.0,0.8,1.4,0.8,0.8,1.478,1.544,0.8959999999999999,1.232,1.0954451150103321,1.0954451150103321,1.9,1.1,0.3333333333333333,1.6666666666666667,1.3333333333333333,5,5,1
2.4,3.0,2.2,1.0,2.2,0.8,1.584,1.424,1.7879999999999998,1.108,1.2000000000000002,0.0,2.3,2.5,0.5,1.5,2.5,5,5,0
2.0,3.0,1.8,0.8,2.4,1.2,1.182,1.146,1.6740000000000002,1.3219999999999998,1.2649110640673518,0.0,2.3,2.5,0.0,1.0,3.5,5,5,1
1.8,0.6,2.2,1.4,0.6,1.6,1.6620000000000001,1.416,1.6019999999999999,1.5020000000000002,1.4696938456699067,0.48989794855663565,2.0,0.7,0.5,1.0,1.0,5,5,0
0.8,1.0,0.6,1.6,0.6,1.6,1.27,1.2399999999999998,1.204,1.298,1.1661903789690602,1.0954451150103321,0.9,0.8,0.5,0.5,1.0,5,5,2
1.0,2.6,1.0,1.6,2.6,1.8,1.2079999999999997,1.476,1.7099999999999997,1.384,1.0954451150103321,0.8,1.0,2.6,0.0,0.5,2.5,5,5,0
0.4,0.6,1.0,1.8,0.6,1.0,1.442,0.9039999999999999,0.9480000000000001,1.342,0.48989794855663565,0.48989794855663565,1.5,1.2,0.0,0.5,0.5,5,5,2
2.6,0.4,2.8,2.0,0.4,1.2,1.8359999999999999,1.568,1.0420000000000003,1.084,0.8,0.48989794855663565,1.9,0.8,0.6666666666666666,0.6666666666666666,0.3333333333333333,5,5,2
1.0,1.2,1.0,1.4,1.2,1.0,1.434,0.8940000000000001,1.516,1.642,1.0954451150103321,0.9797958971132713,1.5,1.0,0.0,1.0,1.5,5,5,0
1.6,2.0,1.8,1.4,3.0,1.4,1.136,1.3399999999999999,2.126,1.8519999999999999,1.2,1.2649110640673518,2.1,1.4,0.5,1.5,1.0,5,5,0
1.4,0.8,1.6,1.8,0.6,1.6,1.236,1.4439999999999997,1.3900000000000001,1.028,1.3564659966250538,1.1661903789690602,1.8,1.2,0.5,2.0,1.5,5,5,2
1.2,1.6,0.8,1.2,1.6,0.8,0.6300000000000001,0.9880000000000002,1.418,1.64,1.4696938456699067,1.2000000000000002,1.5,1.0,0.5,0.5,0.5,5,5,2
2.6,2.6,3.4,1.0,3.0,2.0,2.04,1.498,1.9460000000000002,1.558,0.8000000000000002,0.8,1.7,2.6,0.0,1.0,3.0,5,5,1
1.4,1.0,1.0,1.0,1.2,1.4,1.334,1.2879999999999998,1.418,1.522,1.3564659966250536,1.0954451150103321,1.2,1.0,0.0,0.0,0.5,5,5,0
1.8,1.4,1.0,0.6,1.2,1.4,0.622,0.924,1.03,1.2579999999999998,1.4696938456699067,1.3564659966250538,1.5,0.6,1.0,1.5,0.0,5,5,1
1.6,0.8,1.6,0.6,1.2,2.0,1.204,1.366,1.6940000000000002,1.8980000000000001,1.2,1.1661903789690602,2.0,1.7,0.0,0.5,3.0,5,5,1
1.4,0.4,1.6,1.8,0.2,1.2,1.294,1.5839999999999999,1.02,1.32,1.3564659966250538,0.48989794855663565,1.8,0.7,0.5,1.0,1.0,5,5,1
1.4,1.0,1.2,1.0,0.6,1.0,1.4380000000000002,1.168,0.9800000000000001,1.3159999999999998,1.3564659966250538,1.0954451150103321,1.2,0.7,0.6666666666666666,2.3333333333333335,1.6666666666666667,5,5,2
2.2,0.4,3.2,1.4,0.4,1.0,2.31,1.6439999999999997,0.976,1.404,0.9797958971132712,0.48989794855663565,1.5,1.2,0.5,1.5,2.0,5,5,2
1.8,1.8,1.6,1.2,1.2,1.2,1.3960000000000001,1.288,1.1800000000000002,1.16,1.4696938456699067,1.4696938456699067,1.5,1.3,0.5,1.0,2.0,5,5,2
0.4,0.6,0.6,1.2,0.6,1.8,1.048,1.528,1.3679999999999999,1.09,0.48989794855663565,1.2,1.3,1.2,0.0,0.3333333333333333,0.6666666666666666,5,5,1
1.4,1.0,1.4,1.4,0.8,1.0,1.4260000000000002,1.568,1.1,1.122,1.3564659966250538,1.0954451150103321,1.0,0.7,0.5,1.0,0.5,5,5,0
1.4,1.0,0.6,0.6,1.4,2.0,0.796,0.9119999999999999,1.3039999999999998,1.524,1.3564659966250538,1.0954451150103321,1.6,1.8,0.0,0.0,0.5,5,5,2
1.8,0.8,1.2,0.8,0.8,2.2,1.14,1.116,1.22,1.334,1.4696938456699067,1.1661903789690602,1.4,0.7,0.0,0.0,1.5,5,5,1
1.6,0.4,1.8,0.8,0.2,1.2,1.424,1.536,0.9359999999999999,1.298,1.2,0.48989794855663565,2.0,0.8,0.0,0.0,0.5,5,5,2
0.4,0.8,0.8,1.4,1.6,2.4,0.944,1.5399999999999998,1.416,1.58,0.48989794855663565,1.1661903789690602,1.1,0.9,0.0,0.5,1.0,5,5,0
2.0,0.4,1.0,0.4,0.8,1.8,0.93,0.9179999999999999,1.01,1.5,1.2649110640673518,0.48989794855663565,1.6,1.1,0.0,0.5,1.0,5,5,1
0.4,0.8,0.6,1.6,0.8,2.2,1.044,1.31,1.0900000000000003,1.424,0.48989794855663565,1.1661903789690602,0.8,0.8,1.0,4.0,1.0,5,5,2
0.8,0.4,0.8,1.8,0.2,1.6,1.3820000000000001,1.05,0.96,1.534,1.1661903789690602,0.48989794855663565,1.5,0.8,0.5,2.0,1.5,5,5,1
0.8,0.8,0.6,1.8,1.0,1.8,1.0400000000000003,1.332,1.53,1.5739999999999998,1.1661903789690602,1.1661903789690602,1.7,1.2,0.0,0.5,0.5,5,5,0
2.0,0.6,1.2,0.4,0.6,1.8,1.24,1.1260000000000001,0.9559999999999998,1.482,1.2649110640673518,0.48989794855663565,1.2,0.9,0.5,1.0,0.5,5,5,2
1.6,0.8,0.6,0.2,1.6,2.2,0.97,0.958,1.214,1.472,1.2000000000000002,1.1661903789690602,1.4,1.1,0.0,0.5,1.0,5,5,2
2.6,2.2,3.0,1.0,0.8,0.0,2.3,1.6079999999999999,1.0879999999999999,0.9179999999999999,0.8,0.9797958971132712,1.7,1.2,1.0,2.0,0.5,5,5,2
0.8,0.8,1.6,1.8,0.6,1.4,0.976,1.408,0.986,1.16,1.1661903789690602,1.1661903789690602,1.4,0.7,0.5,0.5,0.0,5,5,2
1.4,0.4,1.6,1.6,0.6,2.0,1.61,1.666,0.9279999999999999,1.476,1.3564659966250536,0.48989794855663565,0.9,0.6,0.0,1.5,2.5,5,5,2
2.0,1.4,2.4,0.6,1.0,0.8,1.3820000000000001,1.5179999999999998,1.1420000000000001,1.214,1.2649110640673518,1.3564659966250538,2.0,0.9,0.5,1.0,1.0,5,5,2
1.2,1.0,2.2,2.0,1.4,1.8,0.9520000000000002,1.348,1.746,1.95,1.469693845669907,1.0954451150103321,1.4,1.5,1.0,2.0,0.5,5,5,2
0.2,1.8,0.6,2.0,1.6,1.2,1.056,1.262,1.3860000000000001,1.346,0.4000000000000001,1.4696938456699067,1.7,1.0,0.3333333333333333,1.0,1.3333333333333333,5,5,2
2.0,1.8,0.6,0.2,1.8,1.0,1.3299999999999998,1.044,1.0959999999999999,1.364,1.2649110640673518,1.4696938456699067,1.4,1.1,0.5,2.5,1.5,5,5,2
2.6,1.8,3.4,1.2,1.6,0.8,2.128,1.5,1.0719999999999998,1.3080000000000003,0.8,1.4696938456699067,1.7,1.1,1.0,3.0,0.5,5,5,0
1.0,0.8,1.0,1.6,1.0,1.8,1.2100000000000002,1.0459999999999998,1.1920000000000002,1.1620000000000001,1.0954451150103321,1.1661903789690602,1.3,0.6,0.0,0.0,2.5,5,5,2
1.4,2.0,1.0,0.8,0.8,0.2,1.138,1.1360000000000001,1.3259999999999998,0.9080000000000001,1.3564659966250538,1.2649110640673518,1.5,1.0,0.0,0.5,0.5,5,5,2
1.4,1.6,0.8,0.6,0.8,0.8,0.974,1.052,1.114,1.1,1.3564659966250536,1.2,1.7,0.9,0.0,0.0,1.0,5,5,0
2.0,1.8,2.0,0.6,1.6,0.8,1.3239999999999998,1.25,1.258,1.526,1.2649110640673518,1.4696938456699067,2.0,1.1,0.0,1.0,1.5,5,5,0
2.2,1.2,2.4,1.6,1.6,1.8,2.088,1.848,1.782,1.4419999999999997,0.9797958971132712,1.4696938456699067,2.1,1.9,0.6666666666666666,2.6666666666666665,1.6666666666666667,5,5,0
1.0,1.6,1.4,1.8,1.8,1.8,1.282,1.1119999999999999,2.2640000000000002,1.818,1.0954451150103321,1.2,1.6,2.4,0.0,1.5,3.0,5,5,2
1.4,2.0,0.6,0.4,1.0,0.8,1.1960000000000002,0.85,0.9360000000000002,1.042,1.3564659966250536,1.2649110640673518,1.7,1.1,0.5,0.5,0.5,5,5,1
1.8,1.0,2.0,1.4,1.2,2.0,1.9460000000000002,1.658,1.204,1.442,1.4696938456699067,1.0954451150103321,1.9,1.8,0.3333333333333333,1.0,0.6666666666666666,5,5,2
0.6,1.0,1.2,2.4,1.4,2.0,1.288,1.1600000000000001,1.802,2.046,1.2,1.0954451150103321,1.9,1.4,0.0,1.0,3.0,5,5,0
1.8,1.4,1.6,1.4,1.6,1.6,1.404,1.5160000000000002,1.7600000000000002,2.038,1.4696938456699067,1.3564659966250538,0.9,1.4,0.3333333333333333,1.6666666666666667,2.6666666666666665,5,5,1
1.8,0.8,1.8,1.4,0.8,2.0,1.342,1.388,1.158,1.3039999999999998,1.4696938456699067,1.1661903789690602,1.7,1.7,0.5,1.0,1.5,5,5,0
1.4,1.6,1.4,1.6,0.6,0.8,2.212,1.832,0.8859999999999999,1.02,1.3564659966250538,1.2000000000000002,1.8,1.2,0.0,1.0,1.5,5,5,1
1.2,1.0,0.8,0.8,1.2,1.6,0.916,0.874,2.048,1.568,1.4696938456699067,1.0954451150103321,1.4,2.3,0.0,1.0,2.5,5,5,1
0.6,0.6,0.8,1.6,1.2,2.8,2.038,1.5699999999999998,1.486,1.2920000000000003,0.48989794855663565,1.2,1.6,0.6,0.5,2.0,3.0,5,5,0
2.4,1.6,2.4,0.6,1.8,1.4,1.35,1.6319999999999997,1.3719999999999999,1.252,1.2000000000000002,1.2000000000000002,1.4,1.0,0.5,1.5,1.5,5,5,0
1.2,0.4,1.6,2.4,0.6,1.8,1.528,1.4460000000000002,1.968,1.3679999999999999,1.4696938456699067,0.48989794855663565,1.6,2.1,0.6666666666666666,3.0,1.6666666666666667,5,5,2
1.8,2.0,2.0,1.6,1.4,1.0,1.81,1.55,1.3699999999999999,1.394,1.4696938456699067,1.2649110640673518,1.9,1.5,0.5,2.5,0.0,5,5,2
1.0,1.8,0.8,1.4,2.4,1.6,1.068,1.2560000000000002,1.9579999999999997,1.472,1.0954451150103321,1.4696938456699067,1.0,1.9,0.0,0.5,0.5,5,5,2
2.0,2.2,2.4,1.6,2.4,1.2,2.1160000000000005,1.556,1.33,1.2919999999999998,1.2649110640673518,0.9797958971132712,1.4,1.2,0.0,1.0,3.0,5,5,2
1.8,1.2,1.8,1.0,1.2,1.8,1.4780000000000002,1.598,1.336,1.454,1.4696938456699067,1.4696938456699067,1.3,1.0,0.0,2.5,3.5,5,5,2
1.8,1.4,1.6,1.8,1.2,1.2,1.598,1.6939999999999997,1.246,1.192,1.4696938456699067,1.3564659966250538,1.9,1.7,0.0,1.5,3.0,5,5,1
0.4,1.8,0.6,1.4,1.8,1.2,1.9119999999999997,1.306,1.452,1.456,0.48989794855663565,1.4696938456699067,1.6,1.4,0.6666666666666666,2.3333333333333335,1.6666666666666667,5,5,2
1.2,1.6,1.2,1.8,1.6,1.4,1.2,1.5419999999999998,0.966,1.1,1.4696938456699067,1.2000000000000002,1.7,1.2,0.0,0.5,2.0,5,5,2
1.4,1.4,1.4,1.4,1.8,2.2,1.3920000000000001,1.2079999999999997,1.5779999999999998,1.67,1.3564659966250536,1.3564659966250538,1.7,0.6,0.5,0.5,1.5,5,5,1
0.4,1.0,0.8,2.0,1.0,1.4,1.01,1.206,1.8079999999999998,2.024,0.48989794855663565,1.0954451150103321,1.8,1.5,0.0,1.0,2.5,5,5,1
1.4,1.4,1.2,1.2,0.6,0.4,1.142,1.076,0.776,1.0719999999999998,1.3564659966250536,1.3564659966250538,1.0,0.9,0.0,1.0,1.5,5,5,0
1.6,1.2,0.8,1.0,1.0,1.6,0.8700000000000001,1.002,1.204,1.5279999999999998,1.2000000000000002,1.4696938456699067,1.7,0.7,1.0,1.5,0.0,5,5,1
1.0,1.2,1.8,2.0,1.2,1.0,1.1560000000000001,1.286,1.626,1.902,1.0954451150103321,0.9797958971132713,1.6,1.3,0.0,0.5,1.0,5,5,2
1.0,1.4,1.2,1.2,1.4,1.0,2.07,1.232,1.1640000000000001,0.994,1.0954451150103321,1.3564659966250538,1.9,1.1,0.6666666666666666,1.6666666666666667,1.0,5,5,2
1.8,0.4,2.0,1.6,0.8,2.0,1.536,1.7040000000000002,1.166,1.218,1.469693845669907,0.48989794855663565,1.6,0.3,0.0,1.0,1.0,5,5,2
0.4,2.0,0.8,1.6,1.8,1.4,1.074,1.1720000000000002,2.158,1.582,0.48989794855663565,1.2649110640673518,1.6,1.6,0.5,2.0,1.0,5,5,0
2.0,1.4,2.0,1.0,1.2,1.6,1.3000000000000003,1.6280000000000001,1.268,1.48,1.2649110640673518,1.3564659966250538,1.8,1.5,0.5,1.0,1.0,5,5,2
1.4,1.6,0.6,0.6,1.8,1.8,0.7040000000000001,1.062,1.526,1.6600000000000001,1.3564659966250538,1.2000000000000002,1.4,0.6,0.0,0.5,1.0,5,5,0
2.4,1.4,2.0,0.6,0.6,0.6,1.334,1.608,0.664,1.06,1.2,1.3564659966250538,1.8,1.1,0.5,1.5,1.0,5,5,2
2.4,1.2,1.6,0.4,0.8,1.2,1.306,1.5,0.858,1.0619999999999998,1.2000000000000002,0.9797958971132712,1.8,1.3,0.6666666666666666,1.3333333333333333,1.0,5,5,2
2.4,0.8,1.8,1.0,0.4,0.8,1.996,1.33,0.7140000000000001,1.204,1.2000000000000002,1.1661903789690604,1.7,1.1,0.5,3.0,2.0,5,5,2
1.6,2.4,1.6,1.4,1.6,0.2,1.5539999999999998,1.218,1.218,1.2760000000000002,1.2,1.2000000000000002,1.7,0.9,0.6666666666666666,2.0,0.6666666666666666,5,5,1
1.8,1.2,1.8,1.6,0.6,0.8,1.436,1.3960000000000001,0.782,1.022,1.4696938456699067,0.9797958971132713,1.8,1.0,0.3333333333333333,0.6666666666666666,0.6666666666666666,5,5,2
0.8,1.8,1.0,1.8,1.6,2.0,1.1380000000000001,1.458,1.416,1.2280000000000002,1.1661903789690602,1.4696938456699067,1.7,1.4,0.3333333333333333,2.6666666666666665,2.3333333333333335,5,5,2
1.0,1.8,1.0,1.4,1.8,2.0,1.4779999999999998,1.7760000000000002,1.392,1.246,1.0954451150103321,1.4696938456699067,0.9,1.3,0.0,0.3333333333333333,2.0,5,5,0
1.4,1.6,1.6,1.4,0.6,0.2,2.194,1.318,1.1360000000000001,0.7859999999999999,1.3564659966250536,1.2,1.9,1.0,0.5,1.5,2.0,5,5,2
1.4,1.0,0.6,0.4,1.0,1.4,1.092,1.032,1.418,1.666,1.3564659966250538,1.0954451150103321,1.7,1.0,0.3333333333333333,1.0,1.3333333333333333,5,5,0
1.8,1.0,2.4,2.0,1.0,1.6,1.8539999999999999,1.3059999999999998,1.4,1.626,1.4696938456699067,1.0954451150103321,1.9,1.3,0.6666666666666666,3.0,1.3333333333333333,5,5,2
2.4,0.6,3.4,2.2,0.8,1.4,1.9120000000000001,1.3119999999999998,0.8140000000000001,1.084,1.2,0.48989794855663565,1.9,0.9,0.5,2.0,1.0,5,5,1
1.4,1.4,1.2,1.6,2.4,2.0,1.2420000000000002,1.564,1.29,1.38,1.3564659966250538,1.3564659966250538,0.9,1.5,0.0,0.0,2.3333333333333335,5,5,1
0.8,1.6,1.8,2.6,1.4,1.2,1.342,1.736,1.3219999999999998,1.106,1.1661903789690602,1.2000000000000002,0.8,1.0,0.6666666666666666,2.6666666666666665,1.0,5,5,0
2.0,0.8,2.8,2.2,0.4,1.2,1.8359999999999999,0.958,0.866,1.496,1.2649110640673518,1.1661903789690604,1.9,1.1,0.3333333333333333,1.0,1.6666666666666667,5,5,2
2.0,2.4,2.6,2.0,2.0,0.8,1.892,0.8039999999999999,1.94,1.374,1.2649110640673518,1.2000000000000002,2.2,1.9,1.0,2.0,1.0,5,5,1
1.6,2.0,0.8,1.2,1.6,1.0,1.346,1.3,1.94,1.52,1.2000000000000002,1.2649110640673518,1.5,1.7,0.0,0.3333333333333333,2.3333333333333335,5,5,2
1.6,1.8,2.4,1.6,1.8,1.8,1.3679999999999999,1.478,1.3079999999999998,1.328,1.2000000000000002,1.4696938456699067,1.6,1.3,0.5,2.0,1.0,5,5,2
1.0,1.4,0.6,1.4,1.2,1.4,1.292,1.572,1.1560000000000001,1.384,1.0954451150103321,1.3564659966250538,1.0,0.8,0.6666666666666666,1.0,0.3333333333333333,5,5,0
2.2,1.6,2.4,1.0,1.4,1.4,1.302,1.426,1.592,1.55,0.9797958971132712,1.2000000000000002,1.8,1.3,0.5,1.0,1.0,5,5,1
0.2,2.0,0.4,1.6,1.6,0.8,1.078,1.2900000000000003,1.182,1.438,0.4000000000000001,1.2649110640673518,1.3,0.8,0.6666666666666666,1.3333333333333333,0.3333333333333333,5,5,2
2.0,0.4,1.8,1.2,0.2,1.6,1.936,1.5539999999999998,1.468,1.65,1.2649110640673518,0.48989794855663565,2.0,1.2,0.0,1.5,3.0,5,5,2
0.2,2.2,0.6,2.2,2.0,1.2,1.4040000000000001,1.7979999999999996,1.3439999999999999,1.4600000000000002,0.4000000000000001,0.9797958971132712,1.0,0.8,0.3333333333333333,1.3333333333333333,0.6666666666666666,5,5,1
1.8,0.6,1.6,1.2,0.4,1.6,1.2399999999999998,1.242,0.8379999999999999,1.4140000000000001,0.9797958971132713,1.2000000000000002,2.0,0.8,0.6666666666666666,1.0,0.3333333333333333,5,5,1
1.4,1.8,1.6,1.4,1.8,1.0,1.1480000000000001,0.932,1.532,1.5939999999999999,0.8,0.9797958971132713,1.8,1.4,0.3333333333333333,1.3333333333333333,0.6666666666666666,5,5,1
2.0,0.6,1.4,0.6,0.8,1.4,1.174,1.278,0.756,1.182,1.2649110640673518,0.48989794855663565,1.7,0.7,0.0,0.3333333333333333,1.3333333333333333,5,5,2
1.8,2.0,1.6,0.8,1.8,0.8,1.5619999999999998,1.7060000000000002,1.1640000000000001,1.26,0.9797958971132713,1.2649110640673518,1.7,0.8,0.5,2.0,1.5,5,5,1
2.0,2.0,2.5,1.0,3.5,0.5,1.35,1.35,1.35,1.35,1.0,1.0,3.0,1.5,0.4,1.2,1.2,4,4,2
0.5,0.5,1.0,2.5,0.5,3.5,1.35,1.35,1.35,1.35,0.5,0.5,1.5,0.0,0.4,1.2,1.2,4,4,2
2.0,0.0,1.0,0.5,0.0,2.0,1.35,1.35,1.35,1.35,1.0,0.0,1.5,0.0,0.4,1.2,1.2,4,4,2
1.5,2.0,0.5,0.5,2.0,0.5,1.35,1.35,1.35,1.35,1.5,1.0,0.0,1.5,0.4,1.2,1.2,4,4,0
2.0,2.0,2.5,1.0,3.5,0.5,1.35,1.35,1.35,1.35,1.0,1.0,3.0,1.5,0.4,1.2,1.2,4,4,2
0.5,0.5,1.0,2.5,0.5,3.5,1.35,1.35,1.35,1.35,0.5,0.5,1.5,0.0,0.4,1.2,1.2,4,4,2
2.0,0.0,1.0,0.5,0.0,2.0,1.35,1.35,1.35,1.35,1.0,0.0,1.5,0.0,0.4,1.2,1.2,4,4,2
1.5,2.0,0.5,0.5,2.0,0.5,1.35,1.35,1.35,1.35,1.5,1.0,0.0,1.5,0.4,1.2,1.2,4,4,0
1.8,2.0,1.8,1.4,2.0,1.0,2.1800000000000006,1.404,1.276,1.38,1.4696938456699067,1.2649110640673518,2.2,0.8,0.5,2.5,2.0,5,5,2
0.5,3.0,1.0,1.5,1.5,0.0,1.35,1.35,1.35,1.35,0.5,0.0,1.0,1.5,0.4,1.2,1.2,4,4,0
0.5,1.5,0.5,1.5,1.0,1.0,1.35,1.35,1.35,1.35,0.5,1.5,1.5,0.0,0.4,1.2,1.2,4,4,2
0.5,3.0,0.0,0.5,4.5,1.0,1.35,1.35,1.35,1.35,0.5,0.0,1.0,1.5,0.4,1.2,1.2,4,4,2
0.5,1.5,0.5,3.5,1.0,1.0,1.35,1.35,1.35,1.35,0.5,1.5,1.5,0.0,0.4,1.2,1.2,4,4,0
0.0,2.0,0.5,4.5,3.5,1.5,1.35,1.35,1.35,1.35,0.0,1.0,0.0,1.5,0.4,1.2,1.2,4,4,0
2.0,1.5,3.0,1.0,3.0,3.0,1.35,1.35,1.35,1.35,1.0,1.5,1.5,0.0,0.4,1.2,1.2,4,4,1
0.5,3.0,1.0,1.5,1.5,0.0,1.35,1.35,1.35,1.35,0.5,0.0,1.0,1.5,0.4,1.2,1.2,4,4,0
0.5,1.5,0.5,1.5,1.0,1.0,1.35,1.35,1.35,1.35,0.5,1.5,1.5,0.0,0.4,1.2,1.2,4,4,2
0.5,3.0,0.0,0.5,4.5,1.0,1.35,1.35,1.35,1.35,0.5,0.0,1.0,1.5,0.4,1.2,1.2,4,4,2
0.5,1.5,0.5,3.5,1.0,1.0,1.35,1.35,1.35,1.35,0.5,1.5,1.5,0.0,0.4,1.2,1.2,4,4,0
0.0,2.0,0.5,4.5,3.5,1.5,1.35,1.35,1.35,1.35,0.0,1.0,0.0,1.5,0.4,1.2,1.2,4,4,0
2.0,1.5,3.0,1.0,3.0,3.0,1.35,1.35,1.35,1.35,1.0,1.5,1.5,0.0,0.4,1.2,1.2,4,4,1
0.0,3.0,0.0,1.5,3.0,0.5,1.35,1.35,1.35,1.35,0.0,0.0,0.0,1.5,0.4,1.2,1.2,4,4,2
1.5,1.5,1.0,2.0,1.0,1.0,1.35,1.35,1.35,1.35,1.5,1.5,1.5,0.0,0.4,1.2,1.2,4,4,1
3.0,3.0,3.5,1.5,3.0,0.5,1.35,1.35,1.35,1.35,0.0,0.0,3.0,1.5,0.4,1.2,1.2,4,4,0
0.0,0.0,1.5,3.0,0.5,3.5,1.35,1.35,1.35,1.35,0.0,0.0,1.5,0.0,0.4,1.2,1.2,4,4,2
0.0,3.0,0.0,1.5,3.0,0.5,1.35,1.35,1.35,1.35,0.0,0.0,0.0,1.5,0.4,1.2,1.2,4,4,2
1.5,1.5,1.0,2.0,1.0,1.0,1.35,1.35,1.35,1.35,1.5,1.5,1.5,0.0,0.4,1.2,1.2,4,4,1
3.0,3.0,3.5,1.5,3.0,0.5,1.35,1.35,1.35,1.35,0.0,0.0,3.0,1.5,0.4,1.2,1.2,4,4,0
0.0,0.0,1.5,3.0,0.5,3.5,1.35,1.35,1.35,1.35,0.0,0.0,1.5,0.0,0.4,1.2,1.2,4,4,2
1.8,1.6,1.6,1.2,2.2,2.2,1.268,1.02,1.8,0.9380000000000001,1.469693845669907,1.2000000000000002,1.8,1.8,0.3333333333333333,1.3333333333333333,1.6666666666666667,5,5,0
1.0,2.0,1.5,1.5,2.0,0.0,1.35,1.35,1.35,1.35,0.0,1.0,1.0,1.5,0.4,1.2,1.2,4,4,0
1.0,0.5,1.0,1.0,0.5,2.5,1.35,1.35,1.35,1.35,0.0,0.5,1.5,0.0,0.4,1.2,1.2,4,4,1
0.5,1.0,1.5,2.5,0.5,0.5,1.35,1.35,1.35,1.35,0.5,0.0,0.0,1.5,0.4,1.2,1.2,4,4,0
2.0,1.0,2.0,1.0,1.0,1.0,1.35,1.35,1.35,1.35,1.0,0.0,1.5,1.0,0.4,1.2,1.2,4,4,1
0.0,2.0,0.0,1.0,2.0,1.0,1.35,1.35,1.35,1.35,0.0,1.0,0.0,1.5,0.4,1.2,1.2,4,4,0
1.5,2.0,1.5,2.0,0.5,0.0,1.35,1.35,1.35,1.35,1.5,1.0,1.5,1.0,0.4,1.2,1.2,4,4,2
3.0,2.0,2.0,0.5,3.0,0.5,1.35,1.35,1.35,1.35,0.0,1.0,3.0,1.5,0.4,1.2,1.2,4,4,1
0.5,0.0,0.5,1.0,0.5,4.0,1.35,1.35,1.35,1.35,0.5,0.0,1.5,0.0,0.4,1.2,1.2,4,4,2
1.0,2.0,1.5,1.5,2.0,0.0,1.35,1.35,1.35,1.35,0.0,1.0,1.0,1.5,0.4,1.2,1.2,4,4,0
1.0,0.5,1.0,1.0,0.5,2.5,1.35,1.35,1.35,1.35,0.0,0.5,1.5,0.0,0.4,1.2,1.2,4,4,1
0.5,1.0,1.5,2.5,0.5,0.5,1.35,1.35,1.35,1.35,0.5,0.0,0.0,1.5,0.4,1.2,1.2,4,4,0
2.0,1.0,2.0,1.0,1.0,1.0,1.35,1.35,1.35,1.35,1.0,0.0,1.5,1.0,0.4,1.2,1.2,4,4,1
0.0,2.0,0.0,1.0,2.0,1.0,1.35,1.35,1.35,1.35,0.0,1.0,0.0,1.5,0.4,1.2,1.2,4,4,0
1.5,2.0,1.5,2.0,0.5,0.0,1.35,1.35,1.35,1.35,1.5,1.0,1.5,1.0,0.4,1.2,1.2,4,4,2
3.0,2.0,2.0,0.5,3.0,0.5,1.35,1.35,1.35,1.35,0.0,1.0,3.0,1.5,0.4,1.2,1.2,4,4,1
0.5,0.0,0.5,1.0,0.5,4.0,1.35,1.35,1.35,1.35,0.5,0.0,1.5,0.0,0.4,1.2,1.2,4,4,2
0.0,3.0,1.0,2.5,2.5,0.0,1.35,1.35,1.35,1.35,0.0,0.0,0.0,1.5,0.4,1.2,1.2,4,4,0
1.5,1.5,1.0,2.0,1.5,1.5,1.35,1.35,1.35,1.35,1.5,1.5,1.5,0.0,0.4,1.2,1.2,4,4,1
1.6,1.4,0.8,0.8,3.0,1.0,1.35,1.35,1.35,1.35,1.2000000000000002,1.3564659966250538,3.0,0.0,0.4,1.2,1.2,5,5,0
0.0,3.0,1.0,2.5,2.5,0.0,1.35,1.35,1.35,1.35,0.0,0.0,0.0,1.5,0.4,1.2,1.2,4,4,0
1.5,1.5,1.0,2.0,1.5,1.5,1.35,1.35,1.35,1.35,1.5,1.5,1.5,0.0,0.4,1.2,1.2,4,4,1
1.6,1.4,0.8,0.8,3.0,1.0,1.35,1.35,1.35,1.35,1.2000000000000002,1.3564659966250538,3.0,0.0,0.4,1.2,1.2,5,5,0
0.6,1.4,1.6,2.6,0.8,0.6,1.55,1.8,1.1320000000000001,1.066,1.2,0.8000000000000002,0.7,0.9,1.0,3.0,0.6666666666666666,5,5,0
2.6,1.8,2.6,0.2,2.4,0.8,1.35,1.35,1.35,1.35,0.8000000000000002,0.9797958971132713,2.0,2.0,0.4,1.2,1.2,5,5,2
1.8,1.6,2.6,1.4,0.6,0.8,1.35,1.35,1.35,1.35,1.469693845669907,1.2000000000000002,3.0,1.5,0.4,1.2,1.2,5,5,0
2.6,1.8,2.6,0.2,2.4,0.8,1.35,1.35,1.35,1.35,0.8000000000000002,0.9797958971132713,2.0,2.0,0.4,1.2,1.2,5,5,2
1.8,1.6,2.6,1.4,0.6,0.8,1.35,1.35,1.35,1.35,1.469693845669907,1.2000000000000002,3.0,1.5,0.4,1.2,1.2,5,5,0
2.6,2.6,3.6,1.2,2.2,1.0,1.35,1.35,1.35,1.35,0.8000000000000002,0.8000000000000002,2.0,2.0,0.4,1.2,1.2,5,5,0
1.8,1.8,1.4,0.8,2.4,2.6,1.35,1.35,1.35,1.35,1.4696938456699067,1.469693845669907,3.0,3.0,0.4,1.2,1.2,5,5,0
3.0,1.0,3.4,0.6,1.8,2.6,1.35,1.35,1.35,1.35,0.0,1.0954451150103321,3.0,0.5,0.4,1.2,1.2,5,5,2
2.6,2.6,3.6,1.2,2.2,1.0,1.35,1.35,1.35,1.35,0.8000000000000002,0.8000000000000002,2.0,2.0,0.4,1.2,1.2,5,5,0
1.8,1.8,1.4,0.8,2.4,2.6,1.35,1.35,1.35,1.35,1.4696938456699067,1.469693845669907,3.0,3.0,0.4,1.2,1.2,5,5,0
3.0,1.0,3.4,0.6,1.8,2.6,1.35,1.35,1.35,1.35,0.0,1.0954451150103321,3.0,0.5,0.4,1.2,1.2,5,5,2
0.8,1.2,0.6,1.4,1.4,1.6,1.1199999999999999,1.2600000000000002,1.234,1.222,1.1661903789690602,1.4696938456699067,1.3,1.2,0.0,0.6666666666666666,1.3333333333333333,5,5,0
3.0,1.6,2.0,0.0,0.8,0.6,1.35,1.35,1.35,1.35,0.0,1.2000000000000002,3.0,0.0,0.4,1.2,1.2,5,5,2
2.2,1.4,1.6,0.4,1.4,1.0,1.35,1.35,1.35,1.35,0.9797958971132712,1.3564659966250536,2.0,0.5,0.4,1.2,1.2,5,5,2
1.8,1.2,2.2,0.6,3.0,1.8,1.35,1.35,1.35,1.35,0.9797958971132713,1.469693845669907,1.0,0.0,0.4,1.2,1.2,5,5,2
3.0,1.6,2.0,0.0,0.8,0.6,1.35,1.35,1.35,1.35,0.0,1.2000000000000002,3.0,0.0,0.4,1.2,1.2,5,5,2
2.2,1.4,1.6,0.4,1.4,1.0,1.35,1.35,1.35,1.35,0.9797958971132712,1.3564659966250536,2.0,0.5,0.4,1.2,1.2,5,5,2
1.8,1.2,2.2,0.6,3.0,1.8,1.35,1.35,1.35,1.35,0.9797958971132713,1.469693845669907,1.0,0.0,0.4,1.2,1.2,5,5,2
1.8,1.4,2.4,1.4,1.8,2.2,1.35,1.35,1.35,1.35,1.469693845669907,1.3564659966250536,3.0,0.5,0.4,1.2,1.2,5,5,2
2.6,1.0,2.0,0.0,1.8,2.2,1.35,1.35,1.35,1.35,0.8000000000000002,1.0954451150103321,2.0,0.5,0.4,1.2,1.2,5,5,2
1.8,2.4,2.2,0.2,1.6,1.2,1.35,1.35,1.35,1.35,0.9797958971132713,1.2000000000000002,2.0,1.5,0.4,1.2,1.2,5,5,2
1.8,1.4,2.4,1.4,1.8,2.2,1.35,1.35,1.35,1.35,1.469693845669907,1.3564659966250536,3.0,0.5,0.4,1.2,1.2,5,5,2
2.6,1.0,2.0,0.0,1.8,2.2,1.35,1.35,1.35,1.35,0.8000000000000002,1.0954451150103321,2.0,0.5,0.4,1.2,1.2,5,5,2
1.8,2.4,2.2,0.2,1.6,1.2,1.35,1.35,1.35,1.35,0.9797958971132713,1.2000000000000002,2.0,1.5,0.4,1.2,1.2,5,5,2
1.2,0.4,1.8,1.6,0.8,1.8,1.146,1.188,0.85,1.14,1.4696938456699067,0.48989794855663565,0.9,0.7,0.3333333333333333,0.6666666666666666,0.3333333333333333,5,5,1
2.6,1.6,2.6,1.0,2.0,2.2,1.35,1.35,1.35,1.35,0.8000000000000002,1.2000000000000002,3.0,1.5,0.4,1.2,1.2,5,5,2
1.0,1.8,0.4,0.8,1.8,1.0,1.35,1.35,1.35,1.35,1.0954451150103321,0.9797958971132713,3.0,2.0,0.4,1.2,1.2,5,5,0
3.0,1.0,2.6,0.4,0.8,0.8,1.35,1.35,1.35,1.35,0.0,0.0,3.0,1.0,0.4,1.2,1.2,5,5,2
2.6,1.6,2.6,1.0,2.0,2.2,1.35,1.35,1.35,1.35,0.8000000000000002,1.2000000000000002,3.0,1.5,0.4,1.2,1.2,5,5,2
1.0,1.8,0.4,0.8,1.8,1.0,1.35,1.35,1.35,1.35,1.0954451150103321,0.9797958971132713,3.0,2.0,0.4,1.2,1.2,5,5,0
3.0,1.0,2.6,0.4,0.8,0.8,1.35,1.35,1.35,1.35,0.0,0.0,3.0,1.0,0.4,1.2,1.2,5,5,2
2.2,1.0,1.0,0.2,0.6,0.8,1.35,1.35,1.35,1.35,0.9797958971132712,1.0954451150103321,2.0,0.5,0.4,1.2,1.2,5,5,2
1.8,3.0,2.0,0.8,3.4,2.0,1.35,1.35,1.35,1.35,1.4696938456699067,0.0,2.0,2.3333333333333335,0.4,1.2,1.2,5,5,0
2.2,3.0,2.2,1.6,3.4,0.4,1.35,1.35,1.35,1.35,0.9797958971132712,0.0,1.0,3.0,0.4,1.2,1.2,5,5,0
2.2,1.0,1.0,0.2,0.6,0.8,1.35,1.35,1.35,1.35,0.9797958971132712,1.0954451150103321,2.0,0.5,0.4,1.2,1.2,5,5,2
1.8,3.0,2.0,0.8,3.4,2.0,1.35,1.35,1.35,1.35,1.4696938456699067,0.0,2.0,2.3333333333333335,0.4,1.2,1.2,5,5,0
2.2,3.0,2.2,1.6,3.4,0.4,1.35,1.35,1.35,1.35,0.9797958971132712,0.0,1.0,3.0,0.4,1.2,1.2,5,5,0
0.2,0.8,0.2,1.6,0.4,1.4,0.8280000000000001,1.378,1.016,1.214,0.4,1.1661903789690602,1.1,0.3,0.0,0.5,0.5,5,5,0
0.4,2.0,0.6,1.6,1.2,0.4,1.458,1.5579999999999998,1.292,1.1999999999999997,0.48989794855663565,1.2649110640673518,1.0,0.9,0.3333333333333333,0.6666666666666666,1.3333333333333333,5,5,2
0.8,1.0,0.6,1.0,1.2,1.2,1.152,1.2100000000000002,1.528,1.572,1.1661903789690602,1.0954451150103321,1.7,1.2,0.5,0.5,1.0,5,5,2
1.8,0.4,2.2,1.4,0.6,1.6,1.276,1.3719999999999999,0.776,1.044,0.9797958971132713,0.48989794855663565,1.8,0.7,0.3333333333333333,0.3333333333333333,0.6666666666666666,5,5,1
1.4,2.2,1.8,1.4,2.2,1.4,1.3719999999999999,1.6480000000000001,1.846,1.058,1.3564659966250538,0.9797958971132712,2.0,2.1,0.0,0.6666666666666666,1.6666666666666667,5,5,2
0.2,2.0,0.2,1.6,2.2,1.6,0.866,1.236,1.94,1.672,0.4,1.2649110640673518,0.8,1.7,0.3333333333333333,1.3333333333333333,3.0,5,5,0
2.4,1.8,2.2,1.2,1.8,1.0,2.292,1.3920000000000001,1.634,1.7280000000000002,1.2000000000000002,0.9797958971132713,2.2,1.5,0.0,0.5,2.5,5,5,2
0.8,0.2,0.6,1.0,0.2,2.2,1.162,1.246,0.952,1.268,1.1661903789690602,0.4000000000000001,2.0,0.9,0.0,0.3333333333333333,0.6666666666666666,5,5,0
2.0,1.6,2.6,1.6,1.2,0.8,1.8679999999999999,1.654,1.682,1.074,1.2649110640673518,1.2,2.3,1.8,0.0,1.3333333333333333,2.0,5,5,2
0.6,0.8,0.8,1.4,1.2,1.6,0.752,0.982,1.42,1.5719999999999998,0.48989794855663565,1.1661903789690602,1.8,1.1,0.0,0.0,0.5,5,5,0
2.0,1.2,1.2,0.8,1.2,1.2,1.364,1.0539999999999998,1.1560000000000001,1.228,1.2649110640673518,1.4696938456699067,2.0,1.5,0.6666666666666666,2.0,1.0,5,5,1
1.8,1.4,1.2,0.4,1.4,1.4,1.204,1.1460000000000001,1.7759999999999998,1.44,0.9797958971132713,1.3564659966250538,1.6,1.5,0.0,0.5,2.0,5,5,2
1.4,1.2,1.0,0.6,1.8,1.4,1.052,1.276,1.584,1.8960000000000001,1.3564659966250538,0.9797958971132713,1.8,1.2,0.6666666666666666,2.3333333333333335,0.6666666666666666,5,5,2
0.8,1.4,0.6,1.8,1.0,0.8,0.8800000000000001,1.038,1.1,1.1940000000000002,1.1661903789690602,1.3564659966250538,0.8,1.3,0.5,0.5,1.5,5,5,1
1.6,1.4,0.8,0.8,1.6,1.4,1.348,1.0,1.3139999999999998,1.6600000000000001,1.2,1.3564659966250538,2.0,0.8,0.5,1.5,1.5,5,5,2
1.6,1.8,1.2,0.8,1.6,0.8,1.15,1.186,1.298,1.16,1.2000000000000002,0.9797958971132713,1.8,1.5,0.0,0.6666666666666666,1.6666666666666667,5,5,2
0.6,1.2,1.2,1.6,1.2,1.2,1.3960000000000001,1.7759999999999998,1.1700000000000002,1.168,0.48989794855663565,0.9797958971132713,1.5,1.2,0.3333333333333333,1.3333333333333333,1.3333333333333333,5,5,0
1.8,1.2,1.6,0.8,0.4,1.2,1.314,1.268,0.7540000000000001,1.188,0.9797958971132713,1.469693845669907,1.6,0.6,0.5,1.5,1.0,5,5,1
1.4,1.6,0.4,0.8,1.8,1.4,0.804,1.194,1.238,1.1139999999999999,1.3564659966250538,1.2,1.2,1.5,0.3333333333333333,1.0,1.0,5,5,0
0.8,1.4,1.4,2.0,0.4,0.6,1.706,1.596,0.8160000000000001,1.044,1.1661903789690604,1.3564659966250538,2.0,0.7,0.5,1.5,1.0,5,5,0
1.4,0.4,1.4,1.2,1.0,1.8,1.23,1.5100000000000002,1.4359999999999997,1.876,1.3564659966250536,0.48989794855663565,1.0,1.2,0.5,2.5,1.0,5,5,2
2.2,2.0,1.6,0.8,1.8,1.0,1.136,1.056,1.186,1.4140000000000001,0.9797958971132712,1.2649110640673518,2.1,1.3,0.0,1.5,1.5,5,5,2
2.0,0.8,2.6,1.8,0.8,1.2,1.97,1.752,1.206,1.3579999999999999,1.2649110640673518,1.1661903789690602,2.5,1.0,0.5,2.0,1.5,5,5,2
0.6,2.4,0.4,1.0,3.4,1.4,0.8779999999999999,0.9360000000000002,2.0279999999999996,1.69,0.48989794855663565,1.2000000000000002,1.8,2.0,0.0,0.6666666666666666,2.6666666666666665,5,5,0
0.6,3.0,0.8,2.4,4.0,0.8,1.322,1.5300000000000002,1.8699999999999999,1.484,1.2,0.0,1.7,2.0,0.0,1.0,3.3333333333333335,5,5,0
0.8,1.4,1.6,1.6,0.4,0.6,1.016,1.1320000000000001,0.764,1.064,1.1661903789690602,1.3564659966250538,1.0,0.9,0.5,0.5,3.0,5,5,1
1.6,1.0,0.4,0.2,0.8,1.6,0.754,1.094,0.96,0.9800000000000001,1.2000000000000002,1.0954451150103321,1.2,1.1,0.3333333333333333,0.6666666666666666,0.3333333333333333,5,5,1
0.6,0.4,1.4,2.4,0.6,1.8,1.672,1.7440000000000002,0.9719999999999999,0.9280000000000002,1.2000000000000002,0.48989794855663565,0.7,0.8,0.5,1.5,2.5,5,5,0
1.8,2.2,1.6,1.4,1.8,0.8,1.31,1.5060000000000002,1.332,1.262,1.4696938456699067,0.9797958971132712,1.2,1.4,0.0,1.0,2.0,5,5,0
0.6,1.6,1.2,2.8,1.8,1.4,1.392,1.504,1.232,1.148,1.2000000000000002,1.2,1.7,1.5,0.0,0.0,1.0,5,5,1
1.6,1.4,1.4,1.0,1.6,1.8,1.174,1.134,1.248,1.802,1.2000000000000002,1.3564659966250538,1.6,0.8,0.6666666666666666,2.0,0.6666666666666666,5,5,2
3.0,1.0,2.6,1.2,0.6,1.4,2.456,1.402,1.024,0.968,0.0,1.0954451150103321,2.2,1.1,0.6666666666666666,1.6666666666666667,0.6666666666666666,5,5,2
1.6,0.6,1.2,0.8,1.0,1.8,1.424,1.014,1.5879999999999999,1.44,1.2000000000000002,1.2000000000000002,2.3,1.2,0.0,1.0,1.0,5,5,0
0.6,3.0,1.6,2.4,2.0,1.0,1.6700000000000004,1.6300000000000001,2.3120000000000003,1.256,1.2000000000000002,0.0,0.7,1.8,0.0,0.5,3.0,5,5,1
2.6,3.0,2.4,0.8,4.0,0.8,1.3559999999999999,1.24,1.802,1.4600000000000002,0.8000000000000002,0.0,2.4,2.2,0.3333333333333333,1.3333333333333333,2.0,5,5,2
1.2,0.6,1.0,2.0,1.4,1.6,1.252,1.4120000000000001,1.542,1.4439999999999997,1.4696938456699067,1.2,1.2,1.5,0.0,0.3333333333333333,3.0,5,5,2
1.0,0.2,0.6,1.4,1.2,2.4,0.9640000000000001,1.316,1.7899999999999998,1.8539999999999999,1.0954451150103321,0.4,0.9,1.2,1.0,2.0,1.0,5,5,2
1.8,2.4,1.2,1.6,3.6,1.6,1.326,1.464,1.916,1.476,1.4696938456699067,1.2,1.5,2.2,0.6666666666666666,2.6666666666666665,2.0,5,5,2
0.4,0.8,0.6,1.2,1.0,2.2,1.0239999999999998,0.968,1.296,1.374,0.48989794855663565,1.1661903789690602,1.1,0.9,0.0,0.6666666666666666,1.3333333333333333,5,5,2
0.2,2.6,1.4,2.6,1.6,0.8,1.482,1.8539999999999999,2.4720000000000004,1.446,0.4000000000000001,0.8,1.4,1.6,0.6666666666666666,2.0,1.0,5,5,0
0.6,1.0,1.4,1.6,0.8,1.6,1.534,1.482,1.4280000000000002,1.158,1.2,1.0954451150103321,1.7,0.9,0.3333333333333333,2.0,0.6666666666666666,5,5,0
1.6,1.8,1.0,0.8,1.4,1.8,1.014,1.338,1.514,1.558,1.2,1.4696938456699067,1.1,1.0,0.3333333333333333,1.0,0.6666666666666666,5,5,1
1.0,0.2,1.6,1.0,0.6,1.8,0.9600000000000002,0.952,1.86,1.6260000000000001,1.0954451150103321,0.4,1.3,1.2,0.5,0.5,1.0,5,5,1
0.4,1.8,0.8,1.8,3.2,1.8,1.668,1.55,1.7739999999999998,1.43,0.48989794855663565,1.469693845669907,0.8,1.9,0.0,1.5,2.0,5,5,0
1.2,2.0,1.0,1.0,2.0,0.8,1.0539999999999998,1.4260000000000002,1.368,1.2080000000000002,0.9797958971132712,1.2649110640673518,1.2,1.5,0.0,1.0,1.5,5,5,0
2.6,1.0,2.0,0.2,0.8,1.2,1.4040000000000001,1.114,0.992,1.3860000000000001,0.8,1.0954451150103321,1.6,1.1,0.6666666666666666,1.6666666666666667,0.6666666666666666,5,5,0
1.4,0.2,0.8,1.4,0.6,3.2,1.5759999999999998,1.25,1.218,1.372,1.3564659966250536,0.4,2.0,0.9,1.0,1.5,0.5,5,5,2
1.2,0.6,0.2,0.2,1.2,1.2,0.916,1.0859999999999999,1.472,1.4100000000000001,0.9797958971132713,1.2,1.0,1.2,0.3333333333333333,1.0,1.0,5,5,0
0.0,1.4,1.0,2.8,1.0,1.8,1.518,1.9520000000000004,1.466,1.456,0.0,1.3564659966250538,1.3,1.1,0.0,1.3333333333333333,3.0,5,5,0
0.2,2.0,0.4,3.0,1.0,0.8,1.1900000000000002,1.384,1.506,1.082,0.4000000000000001,1.2649110640673518,1.5,0.9,0.0,0.3333333333333333,1.3333333333333333,5,5,1
1.0,0.4,0.8,1.4,1.2,2.0,0.86,1.028,1.6960000000000002,1.7279999999999998,1.0954451150103321,0.48989794855663565,1.5,1.0,0.6666666666666666,2.3333333333333335,1.3333333333333333,5,5,1
0.6,0.8,1.0,1.6,1.0,2.4,1.6280000000000001,1.7939999999999998,1.2260000000000002,1.924,0.48989794855663565,1.1661903789690604,0.5,0.5,0.0,1.5,1.5,5,5,2
1.2,1.8,1.0,0.6,1.4,0.6,1.386,1.2659999999999998,1.3920000000000001,1.234,1.4696938456699067,0.9797958971132713,1.4,1.2,0.6666666666666666,2.0,1.3333333333333333,5,5,2
1.0,1.0,1.2,1.6,0.2,0.4,1.532,1.562,0.876,0.9720000000000001,1.0954451150103321,1.0954451150103321,0.5,1.0,0.6666666666666666,2.0,1.0,5,5,0
1.6,0.4,0.6,0.4,0.6,2.0,0.7979999999999999,1.058,1.106,1.232,1.2,0.48989794855663565,0.9,0.9,0.3333333333333333,0.3333333333333333,1.0,5,5,0
0.6,1.0,0.8,2.4,1.2,1.6,1.2440000000000002,1.9779999999999998,1.518,1.464,1.2000000000000002,1.0954451150103321,2.2,1.0,0.0,1.3333333333333333,1.6666666666666667,5,5,2
2.0,1.2,1.6,1.6,1.6,0.8,1.348,1.416,1.0,1.056,1.2649110640673518,0.9797958971132712,1.8,0.8,0.5,1.0,1.5,5,5,1
1.8,0.8,2.8,2.2,1.0,1.6,1.8739999999999999,1.51,1.6599999999999997,1.5819999999999996,1.4696938456699067,1.1661903789690604,2.5,1.0,0.6666666666666666,2.6666666666666665,1.6666666666666667,5,5,2
1.0,1.6,0.8,1.4,1.4,1.0,0.9760000000000002,1.192,1.486,1.392,1.0954451150103321,1.2,1.6,1.2,0.3333333333333333,0.6666666666666666,1.6666666666666667,5,5,0
2.6,2.2,2.0,0.8,2.0,1.4,2.4560000000000004,1.536,1.3679999999999999,1.44,0.8,0.9797958971132712,2.2,1.3,1.0,2.3333333333333335,0.6666666666666666,5,5,0
0.8,1.0,0.6,1.6,0.8,1.6,1.012,1.2579999999999998,0.9400000000000001,0.96,1.1661903789690602,1.0954451150103321,1.3,0.9,0.3333333333333333,0.3333333333333333,0.3333333333333333,5,5,1
2.0,2.0,1.8,1.0,1.2,1.0,2.408,1.5819999999999999,1.4460000000000002,1.1280000000000001,1.2649110640673518,1.2649110640673518,1.9,0.9,0.3333333333333333,2.3333333333333335,1.6666666666666667,5,5,1
2.6,1.0,2.8,1.0,0.8,1.6,1.2899999999999998,1.408,0.868,0.914,0.8000000000000002,1.0954451150103321,2.4,0.7,0.0,1.0,2.3333333333333335,5,5,2
1.6,0.8,1.8,1.2,0.6,1.2,2.208,1.616,1.6279999999999997,1.7259999999999998,1.2,1.1661903789690604,2.0,0.7,0.6666666666666666,2.3333333333333335,0.6666666666666666,5,5,2
1.4,1.8,1.6,0.6,2.4,2.0,0.9640000000000001,0.9339999999999999,2.194,1.6439999999999997,0.8,1.4696938456699067,1.4,1.9,0.3333333333333333,1.6666666666666667,1.6666666666666667,5,5,2
0.6,1.4,0.6,1.6,1.0,1.2,1.7080000000000002,2.02,1.036,1.324,1.2000000000000002,1.3564659966250538,0.5,1.1,0.0,1.0,2.0,5,5,2
1.2,2.0,1.8,1.8,1.4,0.2,2.154,1.6400000000000001,1.182,1.058,1.4696938456699067,1.2649110640673518,2.5,1.5,0.3333333333333333,2.0,1.3333333333333333,5,5,2
0.6,1.8,0.8,1.6,1.8,0.6,1.6799999999999997,2.0439999999999996,1.1900000000000002,1.1700000000000002,1.2,0.9797958971132713,0.7,0.9,0.3333333333333333,1.0,0.6666666666666666,5,5,0
1.0,1.8,0.6,1.4,1.6,0.6,0.9100000000000001,1.262,1.408,1.4280000000000002,1.0954451150103321,1.4696938456699067,1.1,1.5,0.0,0.6666666666666666,1.3333333333333333,5,5,0
1.0,1.2,0.8,1.0,0.6,1.8,0.8140000000000001,0.9880000000000001,1.3359999999999999,1.8,1.0954451150103321,1.4696938456699067,1.3,0.5,0.3333333333333333,1.3333333333333333,1.0,5,5,1
1.0,1.6,0.6,1.0,1.0,1.4,0.766,0.958,1.4560000000000002,1.3519999999999999,1.0954451150103321,1.2000000000000002,0.6,1.0,0.0,1.6666666666666667,2.0,5,5,1
1.4,2.0,1.2,0.6,1.8,1.0,1.214,1.1560000000000001,1.4300000000000002,1.2420000000000002,1.3564659966250538,1.2649110640673518,1.6,1.4,0.6666666666666666,3.3333333333333335,2.3333333333333335,5,5,0
1.0,2.2,0.6,1.0,2.4,1.8,0.826,1.012,1.428,1.598,1.0954451150103321,0.9797958971132712,0.6,1.3,0.3333333333333333,2.0,1.6666666666666667,5,5,0
1.0,1.6,0.6,1.4,2.0,1.2,0.806,1.184,2.34,1.8199999999999998,1.0954451150103321,1.2000000000000002,1.0,1.6,0.3333333333333333,1.3333333333333333,1.0,5,5,1
1.8,0.8,1.8,1.0,0.6,1.2,2.1119999999999997,1.634,0.834,1.046,1.4696938456699067,1.1661903789690602,2.7,1.2,0.3333333333333333,1.3333333333333333,1.3333333333333333,5,5,1
1.2,1.8,1.0,1.0,1.6,0.8,0.9400000000000001,0.986,1.32,1.282,0.9797958971132712,1.4696938456699067,1.3,1.5,0.5,1.0,1.5,5,5,1
2.0,2.2,2.0,1.0,2.2,0.6,1.2559999999999998,1.194,1.336,1.4040000000000001,1.2649110640673518,0.9797958971132712,1.7,0.9,0.0,1.0,2.0,5,5,2
1.6,0.8,1.2,0.8,0.6,2.0,1.246,1.408,1.298,1.7079999999999997,1.2,1.1661903789690602,1.6,0.6,0.6666666666666666,1.3333333333333333,0.6666666666666666,5,5,1
0.6,1.8,0.6,1.6,1.0,0.6,1.7399999999999998,2.1479999999999997,1.3940000000000001,1.248,1.2,0.9797958971132713,0.7,1.1,0.6666666666666666,2.3333333333333335,1.3333333333333333,5,5,2
2.2,0.6,2.2,1.6,0.6,1.6,1.3040000000000003,1.4540000000000002,0.8699999999999999,1.1800000000000002,0.9797958971132712,0.48989794855663565,1.6,1.1,0.6666666666666666,0.6666666666666666,0.0,5,5,1
1.2,1.2,1.2,1.2,1.2,1.0,1.322,1.268,1.1960000000000002,1.1400000000000001,0.9797958971132713,1.4696938456699067,2.3,1.5,0.0,1.0,1.6666666666666667,5,5,1
1.2,0.0,1.2,1.2,1.2,3.0,0.9279999999999999,1.06,1.478,1.5879999999999999,0.9797958971132713,0.0,1.1,1.2,0.0,0.0,1.0,5,5,1
3.0,1.6,3.0,0.8,1.4,1.0,1.3039999999999998,1.354,1.246,1.3820000000000001,0.0,1.2,2.4,0.6,0.6666666666666666,1.6666666666666667,0.3333333333333333,5,5,1
2.6,0.8,2.2,0.8,1.0,1.4,1.152,0.906,1.1320000000000001,1.218,0.8,0.4000000000000001,2.0,0.7,0.3333333333333333,1.6666666666666667,1.3333333333333333,5,5,2
0.6,1.6,1.4,2.0,2.2,1.4,1.198,1.4259999999999997,2.1100000000000003,1.5899999999999999,0.48989794855663565,1.2000000000000002,0.9,1.4,0.3333333333333333,1.3333333333333333,1.3333333333333333,5,5,2
0.2,2.6,1.4,3.0,2.6,1.2,1.508,1.624,1.33,0.9800000000000001,0.4,0.8,1.2,1.3,0.6666666666666666,1.6666666666666667,0.6666666666666666,5,5,2
0.6,1.0,0.8,1.8,0.8,1.2,0.85,1.096,0.8460000000000001,1.19,0.48989794855663565,1.0954451150103321,0.8,1.3,0.5,1.0,0.5,5,5,1
1.0,0.8,1.0,1.8,1.4,2.4,1.336,1.6580000000000001,1.566,1.58,1.0954451150103321,1.1661903789690602,2.4,1.2,0.3333333333333333,1.6666666666666667,2.0,5,5,2
2.6,1.4,2.6,0.6,1.2,1.6,1.2660000000000002,1.2759999999999998,1.246,1.2659999999999998,0.8,1.3564659966250538,2.5,1.1,0.3333333333333333,1.3333333333333333,0.6666666666666666,5,5,2
0.8,0.8,0.8,1.8,1.4,1.6,1.1199999999999999,1.124,1.3679999999999999,1.3739999999999999,1.1661903789690604,0.4,0.9,1.1,0.0,0.6666666666666666,1.3333333333333333,5,5,0
2.0,2.0,1.6,1.0,1.8,0.8,1.3599999999999999,1.066,2.09,1.4540000000000002,1.2649110640673518,1.2649110640673518,1.6,1.6,0.0,0.6666666666666666,3.0,5,5,2
2.0,1.6,1.8,1.2,1.2,0.8,1.3900000000000001,1.218,1.15,1.326,1.2649110640673518,1.2000000000000002,1.6,0.7,0.0,0.6666666666666666,3.0,5,5,2
0.6,1.0,0.4,1.0,1.2,1.4,0.8400000000000001,1.024,1.1019999999999999,1.274,0.48989794855663565,1.0954451150103321,0.6,0.6,0.3333333333333333,2.0,0.3333333333333333,5,5,1
1.2,0.8,1.2,1.8,0.8,1.4,1.7099999999999997,2.0919999999999996,1.044,1.214,1.469693845669907,1.1661903789690602,1.0,1.6,0.3333333333333333,1.0,1.6666666666666667,5,5,0
1.0,0.8,2.4,2.4,0.8,1.6,2.1,1.6320000000000001,1.0799999999999998,1.472,1.0954451150103321,1.1661903789690602,2.2,1.6,0.6666666666666666,3.3333333333333335,1.6666666666666667,5,5,2
1.6,1.2,1.4,1.2,1.8,1.6,1.3800000000000001,1.6,1.4100000000000001,1.298,1.2000000000000002,0.9797958971132713,2.4,1.3,0.3333333333333333,1.0,2.0,5,5,0
0.8,0.8,0.2,0.4,0.8,1.4,0.8480000000000001,0.9880000000000001,0.826,1.016,0.4000000000000001,0.4000000000000001,0.6,0.9,0.3333333333333333,0.3333333333333333,0.6666666666666666,5,5,0
0.6,2.4,0.2,0.6,2.4,1.4,0.8160000000000001,0.9199999999999999,1.3820000000000001,1.298,0.48989794855663565,1.2000000000000002,0.6,1.7,0.0,0.6666666666666666,1.0,5,5,1
2.2,1.2,2.0,1.4,2.4,2.4,1.2220000000000002,1.4040000000000001,1.4179999999999997,1.512,0.9797958971132712,0.9797958971132712,1.6,0.4,0.3333333333333333,0.6666666666666666,1.0,5,5,2
1.6,1.6,1.2,1.8,2.8,2.0,1.3800000000000001,1.4600000000000002,2.1,1.56,1.2,1.2,2.4,1.1,0.3333333333333333,2.0,2.6666666666666665,5,5,0
0.8,0.6,1.0,2.2,0.8,1.4,1.23,1.75,0.924,1.032,1.1661903789690602,0.48989794855663565,1.5,0.7,0.5,1.5,1.0,5,5,0
2.6,2.6,2.2,0.8,2.4,0.6,1.1920000000000002,1.216,1.126,1.0939999999999999,0.8,0.8,1.9,1.7,0.0,0.3333333333333333,1.3333333333333333,5,5,0
0.8,1.0,1.2,2.0,2.4,2.8,1.544,1.524,1.318,1.566,1.1661903789690602,1.0954451150103321,1.2,0.4,0.3333333333333333,1.3333333333333333,0.6666666666666666,5,5,1
1.6,1.4,2.4,1.2,1.6,1.2,1.278,1.222,2.056,1.3860000000000001,1.2000000000000002,1.3564659966250538,2.3,1.3,0.6666666666666666,2.0,1.0,5,5,0
1.2,2.2,1.2,1.2,2.0,1.2,0.95,1.032,1.274,1.29,0.9797958971132713,0.9797958971132712,1.6,1.3,0.3333333333333333,1.6666666666666667,1.3333333333333333,5,5,2
1.6,0.8,1.0,0.8,1.0,2.2,0.938,1.084,1.2,1.544,1.2000000000000002,1.1661903789690604,1.9,1.5,0.6666666666666666,1.3333333333333333,1.0,5,5,0
0.8,1.0,0.2,0.4,1.2,1.4,0.8,0.8220000000000001,1.516,1.3900000000000001,0.4,1.0954451150103321,0.4,0.9,0.3333333333333333,0.3333333333333333,1.3333333333333333,5,5,0
2.0,1.0,2.0,1.2,2.0,2.4,1.15,1.218,1.366,1.596,1.2649110640673518,1.0954451150103321,1.6,0.5,0.3333333333333333,1.0,0.0,5,5,0
0.6,1.6,0.6,2.0,1.0,0.8,1.014,1.1219999999999999,1.5699999999999998,1.4220000000000002,1.2000000000000002,1.2000000000000002,0.6,0.9,0.3333333333333333,0.6666666666666666,1.0,5,5,0
1.0,1.4,1.2,2.8,1.6,1.4,1.334,1.442,1.752,1.4060000000000001,1.0954451150103321,1.3564659966250538,2.1,1.5,0.0,1.5,3.0,5,5,0
1.4,1.4,1.6,1.8,2.0,2.2,1.182,1.5560000000000003,1.1720000000000002,1.6780000000000002,1.3564659966250538,1.3564659966250538,1.5,0.8,0.6666666666666666,0.6666666666666666,0.0,5,5,0
1.4,1.4,1.8,1.6,2.6,1.6,1.292,1.196,1.4520000000000002,1.332,1.3564659966250538,1.3564659966250536,1.6,1.3,0.3333333333333333,2.0,1.0,5,5,0
2.0,0.8,2.2,1.4,1.2,3.2,1.7200000000000002,1.416,1.4340000000000002,1.494,1.2649110640673518,1.1661903789690604,2.5,0.7,0.6666666666666666,3.0,1.3333333333333333,5,5,1
2.0,1.6,3.4,1.8,1.8,1.4,2.064,1.5719999999999998,1.8699999999999999,1.5260000000000002,1.2649110640673518,1.2000000000000002,2.5,1.8,0.6666666666666666,2.6666666666666665,1.3333333333333333,5,5,2
2.0,1.2,0.8,0.4,1.0,1.4,1.5559999999999998,1.3960000000000001,0.804,1.018,1.2649110640673518,0.9797958971132713,1.0,1.1,0.3333333333333333,0.3333333333333333,0.6666666666666666,5,5,0
0.6,1.4,0.6,1.8,0.8,1.2,1.192,1.134,1.03,1.0420000000000003,1.2000000000000002,1.3564659966250536,0.6,1.0,0.6666666666666666,1.6666666666666667,1.0,5,5,0
